"","GAME_ID","EVENTNUM","EVENTMSGTYPE","EVENTMSGACTIONTYPE","PERIOD","WCTIMESTRING","PCTIMESTRING","HOMEDESCRIPTION","NEUTRALDESCRIPTION","VISITORDESCRIPTION","SCORE","SCOREMARGIN","PERSON1TYPE","PLAYER1_ID","PLAYER1_NAME","PLAYER1_TEAM_ID","PLAYER1_TEAM_CITY","PLAYER1_TEAM_NICKNAME","PLAYER1_TEAM_ABBREVIATION","PERSON2TYPE","PLAYER2_ID","PLAYER2_NAME","PLAYER2_TEAM_ID","PLAYER2_TEAM_CITY","PLAYER2_TEAM_NICKNAME","PLAYER2_TEAM_ABBREVIATION","PERSON3TYPE","PLAYER3_ID","PLAYER3_NAME","PLAYER3_TEAM_ID","PLAYER3_TEAM_CITY","PLAYER3_TEAM_NICKNAME","PLAYER3_TEAM_ABBREVIATION"
"1",21500440,0,12,0,1,"10:41 PM","12:00","",NA,"","","",0,0,"",NA,"","","",0,0,"",NA,"","","",0,0,"",NA,"","",""
"2",21500440,1,10,0,1,"10:41 PM","12:00","Jump Ball Hibbert vs. Jordan: Tip to Williams",NA,"","","",4,201579,"Roy Hibbert",1610612747,"Los Angeles","Lakers","LAL",5,201599,"DeAndre Jordan",1610612746,"LA","Clippers","LAC",4,101150,"Lou Williams",1610612747,"Los Angeles","Lakers","LAL"
"3",21500440,2,2,86,1,"10:41 PM","11:39","MISS Bryant 14' Turnaround Fadeaway Shot",NA,"","","",4,977,"Kobe Bryant",1610612747,"Los Angeles","Lakers","LAL",0,0,"",NA,"","","",0,0,"",NA,"","",""
"4",21500440,3,4,0,1,"10:41 PM","11:39","Nance Jr. REBOUND (Off:1 Def:0)",NA,"","","",4,1626204,"Larry Nance Jr.",1610612747,"Los Angeles","Lakers","LAL",0,0,"",NA,"","","",0,0,"",NA,"","",""
"5",21500440,4,2,1,1,"10:41 PM","11:35","MISS Nance Jr. 14' Jump Shot",NA,"","","",4,1626204,"Larry Nance Jr.",1610612747,"Los Angeles","Lakers","LAL",0,0,"",NA,"","","",0,0,"",NA,"","",""
"6",21500440,5,4,0,1,"10:41 PM","11:34","",NA,"Jordan REBOUND (Off:0 Def:1)","","",5,201599,"DeAndre Jordan",1610612746,"LA","Clippers","LAC",0,0,"",NA,"","","",0,0,"",NA,"","",""
"7",21500440,6,1,42,1,"10:41 PM","11:20","",NA,"Griffin 1' Driving Layup (2 PTS)","2 - 0","-2",5,201933,"Blake Griffin",1610612746,"LA","Clippers","LAC",0,0,"",NA,"","","",0,0,"",NA,"","",""
"8",21500440,7,1,1,1,"10:42 PM","11:02","Hibbert 16' Jump Shot (2 PTS) (Clarkson 1 AST)",NA,"","2 - 2","TIE",4,201579,"Roy Hibbert",1610612747,"Los Angeles","Lakers","LAL",4,203903,"Jordan Clarkson",1610612747,"Los Angeles","Lakers","LAL",0,0,"",NA,"","",""
"9",21500440,8,2,1,1,"10:42 PM","10:45","",NA,"MISS Redick 24' 3PT Jump Shot","","",5,200755,"JJ Redick",1610612746,"LA","Clippers","LAC",0,0,"",NA,"","","",0,0,"",NA,"","",""
"10",21500440,9,4,0,1,"10:42 PM","10:45","Nance Jr. REBOUND (Off:1 Def:1)",NA,"","","",4,1626204,"Larry Nance Jr.",1610612747,"Los Angeles","Lakers","LAL",0,0,"",NA,"","","",0,0,"",NA,"","",""
"11",21500440,10,5,1,1,"10:42 PM","10:33","Nance Jr. Bad Pass Turnover (P1.T1)",NA,"Paul STEAL (1 STL)","","",4,1626204,"Larry Nance Jr.",1610612747,"Los Angeles","Lakers","LAL",5,101108,"Chris Paul",1610612746,"LA","Clippers","LAC",0,0,"",NA,"","",""
"12",21500440,11,7,5,1,"10:42 PM","10:28","Nance Jr. Violation:Kicked Ball (L.Richardson)",NA,"","","",4,1626204,"Larry Nance Jr.",1610612747,"Los Angeles","Lakers","LAL",0,0,"",NA,"","","",1,0,"",NA,"","",""
"13",21500440,12,1,79,1,"10:43 PM","10:24","",NA,"Paul 18' Pullup Jump Shot (2 PTS)","4 - 2","-2",5,101108,"Chris Paul",1610612746,"LA","Clippers","LAC",0,0,"",NA,"","","",0,0,"",NA,"","",""
"14",21500440,13,6,1,1,"10:43 PM","10:12","",NA,"Redick P.FOUL (P1.T1) (K.Cutler)","","",5,200755,"JJ Redick",1610612746,"LA","Clippers","LAC",4,1626204,"Larry Nance Jr.",1610612747,"Los Angeles","Lakers","LAL",1,0,"",NA,"","",""
"15",21500440,14,5,1,1,"10:44 PM","10:02","Bryant Bad Pass Turnover (P1.T2)",NA,"Paul STEAL (2 STL)","","",4,977,"Kobe Bryant",1610612747,"Los Angeles","Lakers","LAL",5,101108,"Chris Paul",1610612746,"LA","Clippers","LAC",0,0,"",NA,"","",""
"16",21500440,15,1,75,1,"10:44 PM","9:56","",NA,"Griffin 2' Driving Finger Roll Layup (4 PTS)","6 - 2","-4",5,201933,"Blake Griffin",1610612746,"LA","Clippers","LAC",0,0,"",NA,"","","",0,0,"",NA,"","",""
"17",21500440,16,1,108,1,"10:44 PM","9:47","Hibbert  Cutting Dunk Shot (4 PTS) (Williams 1 AST)",NA,"","6 - 4","-2",4,201579,"Roy Hibbert",1610612747,"Los Angeles","Lakers","LAL",4,101150,"Lou Williams",1610612747,"Los Angeles","Lakers","LAL",0,0,"",NA,"","",""
"18",21500440,17,2,80,1,"10:44 PM","9:35","",NA,"MISS Paul 26' 3PT Step Back Jump Shot","","",5,101108,"Chris Paul",1610612746,"LA","Clippers","LAC",0,0,"",NA,"","","",0,0,"",NA,"","",""
"19",21500440,19,4,0,1,"10:44 PM","9:31","",NA,"Jordan REBOUND (Off:1 Def:1)","","",5,201599,"DeAndre Jordan",1610612746,"LA","Clippers","LAC",0,0,"",NA,"","","",0,0,"",NA,"","",""
"20",21500440,18,1,45,1,"10:44 PM","9:31","",NA,"Jordan 12' Jump Shot (2 PTS)","8 - 4","-4",5,201599,"DeAndre Jordan",1610612746,"LA","Clippers","LAC",0,0,"",NA,"","","",0,0,"",NA,"","",""
"21",21500440,20,1,98,1,"10:44 PM","9:07","Hibbert 3' Cutting Layup Shot (6 PTS) (Bryant 1 AST)",NA,"","8 - 6","-2",4,201579,"Roy Hibbert",1610612747,"Los Angeles","Lakers","LAL",4,977,"Kobe Bryant",1610612747,"Los Angeles","Lakers","LAL",0,0,"",NA,"","",""
"22",21500440,21,1,1,1,"10:45 PM","8:48","",NA,"Redick 15' Jump Shot (2 PTS) (Griffin 1 AST)","10 - 6","-4",5,200755,"JJ Redick",1610612746,"LA","Clippers","LAC",5,201933,"Blake Griffin",1610612746,"LA","Clippers","LAC",0,0,"",NA,"","",""
"23",21500440,22,1,1,1,"10:45 PM","8:35","Hibbert 18' Jump Shot (8 PTS) (Clarkson 2 AST)",NA,"","10 - 8","-2",4,201579,"Roy Hibbert",1610612747,"Los Angeles","Lakers","LAL",4,203903,"Jordan Clarkson",1610612747,"Los Angeles","Lakers","LAL",0,0,"",NA,"","",""
"24",21500440,23,1,1,1,"10:45 PM","8:21","",NA,"Redick 21' Jump Shot (4 PTS) (Paul 1 AST)","12 - 8","-4",5,200755,"JJ Redick",1610612746,"LA","Clippers","LAC",5,101108,"Chris Paul",1610612746,"LA","Clippers","LAC",0,0,"",NA,"","",""
"25",21500440,24,5,1,1,"10:45 PM","8:09","Clarkson Bad Pass Turnover (P1.T3)",NA,"Jordan STEAL (1 STL)","","",4,203903,"Jordan Clarkson",1610612747,"Los Angeles","Lakers","LAL",5,201599,"DeAndre Jordan",1610612746,"LA","Clippers","LAC",0,0,"",NA,"","",""
"26",21500440,25,1,78,1,"10:46 PM","7:48","",NA,"Paul 5' Floating Jump Shot (4 PTS)","14 - 8","-6",5,101108,"Chris Paul",1610612746,"LA","Clippers","LAC",0,0,"",NA,"","","",0,0,"",NA,"","",""
"27",21500440,26,6,2,1,"10:46 PM","7:35","",NA,"Griffin S.FOUL (P1.T2) (L.Richardson)","","",5,201933,"Blake Griffin",1610612746,"LA","Clippers","LAC",4,101150,"Lou Williams",1610612747,"Los Angeles","Lakers","LAL",1,0,"",NA,"","",""
"28",21500440,27,3,11,1,"10:46 PM","7:35","MISS Williams Free Throw 1 of 2",NA,"","","",4,101150,"Lou Williams",1610612747,"Los Angeles","Lakers","LAL",0,0,"",NA,"","","",0,0,"",NA,"","",""
"29",21500440,28,4,1,1,"10:46 PM","7:35","LAKERS Rebound",NA,"","","",2,1610612747,"",NA,"","","",0,0,"",NA,"","","",0,0,"",NA,"","",""
"30",21500440,29,3,12,1,"10:47 PM","7:35","Williams Free Throw 2 of 2 (1 PTS)",NA,"","14 - 9","-5",4,101150,"Lou Williams",1610612747,"Los Angeles","Lakers","LAL",0,0,"",NA,"","","",0,0,"",NA,"","",""
"31",21500440,32,1,1,1,"10:47 PM","7:24","",NA,"Redick 25' 3PT Jump Shot (7 PTS) (Paul 2 AST)","17 - 9","-8",5,200755,"JJ Redick",1610612746,"LA","Clippers","LAC",5,101108,"Chris Paul",1610612746,"LA","Clippers","LAC",0,0,"",NA,"","",""
"32",21500440,33,2,1,1,"10:47 PM","7:09","MISS Bryant 13' Jump Shot",NA,"","","",4,977,"Kobe Bryant",1610612747,"Los Angeles","Lakers","LAL",0,0,"",NA,"","","",0,0,"",NA,"","",""
"33",21500440,34,4,0,1,"10:47 PM","7:08","",NA,"Jordan REBOUND (Off:1 Def:2)","","",5,201599,"DeAndre Jordan",1610612746,"LA","Clippers","LAC",0,0,"",NA,"","","",0,0,"",NA,"","",""
"34",21500440,35,2,1,1,"10:47 PM","6:51","",NA,"MISS Paul 25' 3PT Jump Shot","","",5,101108,"Chris Paul",1610612746,"LA","Clippers","LAC",0,0,"",NA,"","","",0,0,"",NA,"","",""
"35",21500440,36,4,0,1,"10:47 PM","6:50","Nance Jr. REBOUND (Off:1 Def:2)",NA,"","","",4,1626204,"Larry Nance Jr.",1610612747,"Los Angeles","Lakers","LAL",0,0,"",NA,"","","",0,0,"",NA,"","",""
"36",21500440,37,2,5,1,"10:48 PM","6:31","MISS Nance Jr. 1' Layup",NA,"","","",4,1626204,"Larry Nance Jr.",1610612747,"Los Angeles","Lakers","LAL",0,0,"",NA,"","","",0,0,"",NA,"","",""
"37",21500440,38,4,0,1,"10:48 PM","6:28","",NA,"Griffin REBOUND (Off:0 Def:1)","","",5,201933,"Blake Griffin",1610612746,"LA","Clippers","LAC",0,0,"",NA,"","","",0,0,"",NA,"","",""
"38",21500440,40,6,2,1,"10:48 PM","6:17","Williams S.FOUL (P1.T1) (D.Stafford)",NA,"","","",4,101150,"Lou Williams",1610612747,"Los Angeles","Lakers","LAL",5,200755,"JJ Redick",1610612746,"LA","Clippers","LAC",1,0,"",NA,"","",""
"39",21500440,41,3,11,1,"10:48 PM","6:17","",NA,"MISS Redick Free Throw 1 of 2","","",5,200755,"JJ Redick",1610612746,"LA","Clippers","LAC",0,0,"",NA,"","","",0,0,"",NA,"","",""
"40",21500440,42,4,1,1,"10:48 PM","6:17","",NA,"Clippers Rebound","","",3,1610612746,"",NA,"","","",0,0,"",NA,"","","",0,0,"",NA,"","",""
"41",21500440,43,3,12,1,"10:48 PM","6:17","",NA,"Redick Free Throw 2 of 2 (8 PTS)","18 - 9","-9",5,200755,"JJ Redick",1610612746,"LA","Clippers","LAC",0,0,"",NA,"","","",0,0,"",NA,"","",""
"42",21500440,46,1,1,1,"10:49 PM","6:03","Williams 26' 3PT Jump Shot (4 PTS)",NA,"","18 - 12","-6",4,101150,"Lou Williams",1610612747,"Los Angeles","Lakers","LAL",0,0,"",NA,"","","",0,0,"",NA,"","",""
"43",21500440,47,2,1,1,"10:49 PM","5:40","",NA,"MISS Redick 25' 3PT Jump Shot","","",5,200755,"JJ Redick",1610612746,"LA","Clippers","LAC",0,0,"",NA,"","","",0,0,"",NA,"","",""
"44",21500440,48,4,0,1,"10:49 PM","5:39","Bryant REBOUND (Off:0 Def:1)",NA,"","","",4,977,"Kobe Bryant",1610612747,"Los Angeles","Lakers","LAL",0,0,"",NA,"","","",0,0,"",NA,"","",""
"45",21500440,49,5,1,1,"10:50 PM","5:31","Bryant Bad Pass Turnover (P2.T4)",NA,"Griffin STEAL (1 STL)","","",4,977,"Kobe Bryant",1610612747,"Los Angeles","Lakers","LAL",5,201933,"Blake Griffin",1610612746,"LA","Clippers","LAC",0,0,"",NA,"","",""
"46",21500440,51,9,1,1,"10:50 PM","5:25","LAKERS Timeout: Regular (Full 1 Short 0)",NA,"","","",2,1610612747,"",NA,"","","",0,0,"",NA,"","","",0,0,"",NA,"","",""
"47",21500440,53,8,0,1,"10:53 PM","5:25","SUB: Randle FOR Nance Jr.",NA,"","","",4,1626204,"Larry Nance Jr.",1610612747,"Los Angeles","Lakers","LAL",4,203944,"Julius Randle",1610612747,"Los Angeles","Lakers","LAL",0,0,"",NA,"","",""
"48",21500440,54,8,0,1,"10:53 PM","5:25","SUB: Russell FOR Clarkson",NA,"","","",4,203903,"Jordan Clarkson",1610612747,"Los Angeles","Lakers","LAL",4,1626156,"D'Angelo Russell",1610612747,"Los Angeles","Lakers","LAL",0,0,"",NA,"","",""
"49",21500440,55,6,2,1,"10:53 PM","5:15","Randle S.FOUL (P1.T2) (K.Cutler)",NA,"","","",4,203944,"Julius Randle",1610612747,"Los Angeles","Lakers","LAL",5,201933,"Blake Griffin",1610612746,"LA","Clippers","LAC",1,0,"",NA,"","",""
"50",21500440,56,3,11,1,"10:53 PM","5:15","",NA,"MISS Griffin Free Throw 1 of 2","","",5,201933,"Blake Griffin",1610612746,"LA","Clippers","LAC",0,0,"",NA,"","","",0,0,"",NA,"","",""
"51",21500440,57,4,1,1,"10:53 PM","5:15","",NA,"Clippers Rebound","","",3,1610612746,"",NA,"","","",0,0,"",NA,"","","",0,0,"",NA,"","",""
"52",21500440,58,3,12,1,"10:53 PM","5:15","",NA,"Griffin Free Throw 2 of 2 (5 PTS)","19 - 12","-7",5,201933,"Blake Griffin",1610612746,"LA","Clippers","LAC",0,0,"",NA,"","","",0,0,"",NA,"","",""
"53",21500440,61,2,79,1,"10:54 PM","4:59","MISS Russell 16' Pullup Jump Shot",NA,"","","",4,1626156,"D'Angelo Russell",1610612747,"Los Angeles","Lakers","LAL",0,0,"",NA,"","","",0,0,"",NA,"","",""
"54",21500440,62,4,0,1,"10:54 PM","4:57","",NA,"Paul REBOUND (Off:0 Def:1)","","",5,101108,"Chris Paul",1610612746,"LA","Clippers","LAC",0,0,"",NA,"","","",0,0,"",NA,"","",""
"55",21500440,63,1,1,1,"10:54 PM","4:44","",NA,"Griffin 17' Jump Shot (7 PTS) (Redick 1 AST)","21 - 12","-9",5,201933,"Blake Griffin",1610612746,"LA","Clippers","LAC",5,200755,"JJ Redick",1610612746,"LA","Clippers","LAC",0,0,"",NA,"","",""
"56",21500440,64,2,1,1,"10:54 PM","4:28","MISS Randle 18' Jump Shot",NA,"","","",4,203944,"Julius Randle",1610612747,"Los Angeles","Lakers","LAL",0,0,"",NA,"","","",0,0,"",NA,"","",""
"57",21500440,65,4,0,1,"10:54 PM","4:27","",NA,"Jordan REBOUND (Off:1 Def:3)","","",5,201599,"DeAndre Jordan",1610612746,"LA","Clippers","LAC",0,0,"",NA,"","","",0,0,"",NA,"","",""
"58",21500440,66,5,1,1,"10:55 PM","4:13","Randle STEAL (1 STL)",NA,"Griffin Bad Pass Turnover (P1.T1)","","",5,201933,"Blake Griffin",1610612746,"LA","Clippers","LAC",4,203944,"Julius Randle",1610612747,"Los Angeles","Lakers","LAL",0,0,"",NA,"","",""
"59",21500440,67,2,1,1,"10:55 PM","4:07","MISS Bryant 24' 3PT Jump Shot",NA,"","","",4,977,"Kobe Bryant",1610612747,"Los Angeles","Lakers","LAL",0,0,"",NA,"","","",0,0,"",NA,"","",""
"60",21500440,68,4,0,1,"10:55 PM","4:06","",NA,"Griffin REBOUND (Off:0 Def:2)","","",5,201933,"Blake Griffin",1610612746,"LA","Clippers","LAC",0,0,"",NA,"","","",0,0,"",NA,"","",""
"61",21500440,69,5,45,1,"10:55 PM","4:00","",NA,"Griffin Out of Bounds - Bad Pass Turnover Turnover (P2.T2)","","",5,201933,"Blake Griffin",1610612746,"LA","Clippers","LAC",0,0,"",NA,"","","",0,0,"",NA,"","",""
"62",21500440,70,8,0,1,"10:55 PM","4:00","",NA,"SUB: Crawford FOR Redick","","",5,200755,"JJ Redick",1610612746,"LA","Clippers","LAC",5,2037,"Jamal Crawford",1610612746,"LA","Clippers","LAC",0,0,"",NA,"","",""
"63",21500440,71,2,3,1,"10:55 PM","3:43","MISS Hibbert 10' Hook Shot",NA,"","","",4,201579,"Roy Hibbert",1610612747,"Los Angeles","Lakers","LAL",0,0,"",NA,"","","",0,0,"",NA,"","",""
"64",21500440,72,4,0,1,"10:56 PM","3:41","",NA,"Jordan REBOUND (Off:1 Def:4)","","",5,201599,"DeAndre Jordan",1610612746,"LA","Clippers","LAC",0,0,"",NA,"","","",0,0,"",NA,"","",""
"65",21500440,73,1,52,1,"10:56 PM","3:32","",NA,"Jordan  Alley Oop Dunk (4 PTS) (Paul 3 AST)","23 - 12","-11",5,201599,"DeAndre Jordan",1610612746,"LA","Clippers","LAC",5,101108,"Chris Paul",1610612746,"LA","Clippers","LAC",0,0,"",NA,"","",""
"66",21500440,74,1,79,1,"10:56 PM","3:13","Russell 16' Pullup Jump Shot (2 PTS)",NA,"","23 - 14","-9",4,1626156,"D'Angelo Russell",1610612747,"Los Angeles","Lakers","LAL",0,0,"",NA,"","","",0,0,"",NA,"","",""
"67",21500440,75,1,79,1,"10:56 PM","2:58","",NA,"Paul 14' Pullup Jump Shot (6 PTS)","25 - 14","-11",5,101108,"Chris Paul",1610612746,"LA","Clippers","LAC",0,0,"",NA,"","","",0,0,"",NA,"","",""
"68",21500440,76,1,79,1,"10:56 PM","2:43","Russell 14' Pullup Jump Shot (4 PTS)",NA,"","25 - 16","-9",4,1626156,"D'Angelo Russell",1610612747,"Los Angeles","Lakers","LAL",0,0,"",NA,"","","",0,0,"",NA,"","",""
"69",21500440,77,1,42,1,"10:57 PM","2:37","",NA,"Paul 1' Driving Layup (8 PTS)","27 - 16","-11",5,101108,"Chris Paul",1610612746,"LA","Clippers","LAC",0,0,"",NA,"","","",0,0,"",NA,"","",""
"70",21500440,78,1,1,1,"10:57 PM","2:16","Russell 26' 3PT Jump Shot (7 PTS) (Williams 2 AST)",NA,"","27 - 19","-8",4,1626156,"D'Angelo Russell",1610612747,"Los Angeles","Lakers","LAL",4,101150,"Lou Williams",1610612747,"Los Angeles","Lakers","LAL",0,0,"",NA,"","",""
"71",21500440,79,9,1,1,"10:57 PM","2:11","",NA,"Clippers Timeout: Regular (Reg.1 Short 0)","","",3,1610612746,"",NA,"","","",0,0,"",NA,"","","",0,0,"",NA,"","",""
"72",21500440,81,8,0,1,"10:59 PM","2:11","",NA,"SUB: Stephenson FOR Mbah a Moute","","",5,201601,"Luc Mbah a Moute",1610612746,"LA","Clippers","LAC",5,202362,"Lance Stephenson",1610612746,"LA","Clippers","LAC",0,0,"",NA,"","",""
"73",21500440,82,8,0,1,"10:59 PM","2:11","",NA,"SUB: Aldrich FOR Jordan","","",5,201599,"DeAndre Jordan",1610612746,"LA","Clippers","LAC",5,202332,"Cole Aldrich",1610612746,"LA","Clippers","LAC",0,0,"",NA,"","",""
"74",21500440,83,8,0,1,"10:59 PM","2:11","",NA,"SUB: Prigioni FOR Paul","","",5,101108,"Chris Paul",1610612746,"LA","Clippers","LAC",5,203143,"Pablo Prigioni",1610612746,"LA","Clippers","LAC",0,0,"",NA,"","",""
"75",21500440,84,8,0,1,"11:00 PM","2:11","SUB: Young FOR Bryant",NA,"","","",4,977,"Kobe Bryant",1610612747,"Los Angeles","Lakers","LAL",4,201156,"Nick Young",1610612747,"Los Angeles","Lakers","LAL",0,0,"",NA,"","",""
"76",21500440,85,8,0,1,"11:00 PM","2:11","SUB: Bass FOR Hibbert",NA,"","","",4,201579,"Roy Hibbert",1610612747,"Los Angeles","Lakers","LAL",4,101138,"Brandon Bass",1610612747,"Los Angeles","Lakers","LAL",0,0,"",NA,"","",""
"77",21500440,86,2,3,1,"11:00 PM","2:04","",NA,"MISS Griffin 4' Hook Shot","","",5,201933,"Blake Griffin",1610612746,"LA","Clippers","LAC",0,0,"",NA,"","","",0,0,"",NA,"","",""
"78",21500440,87,4,0,1,"11:00 PM","2:03","",NA,"Griffin REBOUND (Off:1 Def:2)","","",5,201933,"Blake Griffin",1610612746,"LA","Clippers","LAC",0,0,"",NA,"","","",0,0,"",NA,"","",""
"79",21500440,89,2,1,1,"11:01 PM","1:56","",NA,"MISS Crawford 18' Jump Shot","","",5,2037,"Jamal Crawford",1610612746,"LA","Clippers","LAC",0,0,"",NA,"","","",0,0,"",NA,"","",""
"80",21500440,90,4,0,1,"11:01 PM","1:56","Randle REBOUND (Off:0 Def:1)",NA,"","","",4,203944,"Julius Randle",1610612747,"Los Angeles","Lakers","LAL",0,0,"",NA,"","","",0,0,"",NA,"","",""
"81",21500440,91,6,2,1,"11:01 PM","1:44","",NA,"Crawford S.FOUL (P1.T3) (L.Richardson)","","",5,2037,"Jamal Crawford",1610612746,"LA","Clippers","LAC",4,101150,"Lou Williams",1610612747,"Los Angeles","Lakers","LAL",1,0,"",NA,"","",""
"82",21500440,92,3,13,1,"11:01 PM","1:44","MISS Williams Free Throw 1 of 3",NA,"","","",4,101150,"Lou Williams",1610612747,"Los Angeles","Lakers","LAL",0,0,"",NA,"","","",0,0,"",NA,"","",""
"83",21500440,93,4,1,1,"11:01 PM","1:44","LAKERS Rebound",NA,"","","",2,1610612747,"",NA,"","","",0,0,"",NA,"","","",0,0,"",NA,"","",""
"84",21500440,94,3,14,1,"11:01 PM","1:44","Williams Free Throw 2 of 3 (5 PTS)",NA,"","27 - 20","-7",4,101150,"Lou Williams",1610612747,"Los Angeles","Lakers","LAL",0,0,"",NA,"","","",0,0,"",NA,"","",""
"85",21500440,96,8,0,1,"11:02 PM","1:44","",NA,"SUB: Pierce FOR Griffin","","",5,201933,"Blake Griffin",1610612746,"LA","Clippers","LAC",5,1718,"Paul Pierce",1610612746,"LA","Clippers","LAC",0,0,"",NA,"","",""
"86",21500440,97,3,15,1,"11:02 PM","1:44","Williams Free Throw 3 of 3 (6 PTS)",NA,"","27 - 21","-6",4,101150,"Lou Williams",1610612747,"Los Angeles","Lakers","LAL",0,0,"",NA,"","","",0,0,"",NA,"","",""
"87",21500440,100,1,1,1,"11:02 PM","1:27","",NA,"Crawford 11' Jump Shot (2 PTS) (Aldrich 1 AST)","29 - 21","-8",5,2037,"Jamal Crawford",1610612746,"LA","Clippers","LAC",5,202332,"Cole Aldrich",1610612746,"LA","Clippers","LAC",0,0,"",NA,"","",""
"88",21500440,101,5,1,1,"11:02 PM","1:11","Russell Bad Pass Turnover (P1.T5)",NA,"Prigioni STEAL (1 STL)","","",4,1626156,"D'Angelo Russell",1610612747,"Los Angeles","Lakers","LAL",5,203143,"Pablo Prigioni",1610612746,"LA","Clippers","LAC",0,0,"",NA,"","",""
"89",21500440,102,5,1,1,"11:02 PM","1:07","Russell STEAL (1 STL)",NA,"Crawford Bad Pass Turnover (P1.T3)","","",5,2037,"Jamal Crawford",1610612746,"LA","Clippers","LAC",4,1626156,"D'Angelo Russell",1610612747,"Los Angeles","Lakers","LAL",0,0,"",NA,"","",""
"90",21500440,103,5,6,1,"11:03 PM","1:04","Russell Double Dribble Turnover (P2.T6)",NA,"","","",4,1626156,"D'Angelo Russell",1610612747,"Los Angeles","Lakers","LAL",0,0,"",NA,"","","",1,0,"",NA,"","",""
"91",21500440,104,1,1,1,"11:03 PM","0:50","",NA,"Prigioni 26' 3PT Jump Shot (3 PTS)","32 - 21","-11",5,203143,"Pablo Prigioni",1610612746,"LA","Clippers","LAC",0,0,"",NA,"","","",0,0,"",NA,"","",""
"92",21500440,105,5,4,1,"11:03 PM","0:39","Randle Traveling Turnover (P1.T7)",NA,"","","",4,203944,"Julius Randle",1610612747,"Los Angeles","Lakers","LAL",0,0,"",NA,"","","",1,0,"",NA,"","",""
"93",21500440,106,2,3,1,"11:04 PM","0:32","",NA,"MISS Aldrich 5' Hook Shot","","",5,202332,"Cole Aldrich",1610612746,"LA","Clippers","LAC",0,0,"",NA,"","","",0,0,"",NA,"","",""
"94",21500440,107,4,0,1,"11:04 PM","0:30","Young REBOUND (Off:0 Def:1)",NA,"","","",4,201156,"Nick Young",1610612747,"Los Angeles","Lakers","LAL",0,0,"",NA,"","","",0,0,"",NA,"","",""
"95",21500440,108,6,2,1,"11:04 PM","0:10","",NA,"Aldrich S.FOUL (P1.PN) (D.Stafford)","","",5,202332,"Cole Aldrich",1610612746,"LA","Clippers","LAC",4,101138,"Brandon Bass",1610612747,"Los Angeles","Lakers","LAL",1,0,"",NA,"","",""
"96",21500440,109,3,11,1,"11:04 PM","0:10","MISS Bass Free Throw 1 of 2",NA,"","","",4,101138,"Brandon Bass",1610612747,"Los Angeles","Lakers","LAL",0,0,"",NA,"","","",0,0,"",NA,"","",""
"97",21500440,110,4,1,1,"11:04 PM","0:10","LAKERS Rebound",NA,"","","",2,1610612747,"",NA,"","","",0,0,"",NA,"","","",0,0,"",NA,"","",""
"98",21500440,111,3,12,1,"11:04 PM","0:10","Bass Free Throw 2 of 2 (1 PTS)",NA,"","32 - 22","-10",4,101138,"Brandon Bass",1610612747,"Los Angeles","Lakers","LAL",0,0,"",NA,"","","",0,0,"",NA,"","",""
"99",21500440,114,6,28,1,"11:05 PM","0:09","Russell Personal Take Foul (P1.T3) (K.Cutler)",NA,"","","",4,1626156,"D'Angelo Russell",1610612747,"Los Angeles","Lakers","LAL",5,203143,"Pablo Prigioni",1610612746,"LA","Clippers","LAC",1,0,"",NA,"","",""
"100",21500440,115,2,1,1,"11:05 PM","0:02","",NA,"MISS Pierce 25' 3PT Jump Shot","","",5,1718,"Paul Pierce",1610612746,"LA","Clippers","LAC",0,0,"",NA,"","","",0,0,"",NA,"","",""
"101",21500440,116,4,0,1,"11:05 PM","0:00","Young REBOUND (Off:0 Def:2)",NA,"","","",4,201156,"Nick Young",1610612747,"Los Angeles","Lakers","LAL",0,0,"",NA,"","","",0,0,"",NA,"","",""
"102",21500440,117,13,0,1,"11:05 PM","0:00","",NA,"","32 - 22","-10",0,0,"",NA,"","","",0,0,"",NA,"","","",0,0,"",NA,"","",""
"103",21500440,119,12,0,2,"11:09 PM","12:00","",NA,"","32 - 22","-10",0,0,"",NA,"","","",0,0,"",NA,"","","",0,0,"",NA,"","",""
"104",21500440,120,2,1,2,"11:09 PM","11:49","",NA,"MISS Stephenson 18' Jump Shot","","",5,202362,"Lance Stephenson",1610612746,"LA","Clippers","LAC",0,0,"",NA,"","","",0,0,"",NA,"","",""
"105",21500440,121,4,0,2,"11:09 PM","11:48","Russell REBOUND (Off:0 Def:1)",NA,"","","",4,1626156,"D'Angelo Russell",1610612747,"Los Angeles","Lakers","LAL",0,0,"",NA,"","","",0,0,"",NA,"","",""
"106",21500440,122,2,1,2,"11:09 PM","11:33","MISS Young 20' Jump Shot",NA,"","","",4,201156,"Nick Young",1610612747,"Los Angeles","Lakers","LAL",0,0,"",NA,"","","",0,0,"",NA,"","",""
"107",21500440,123,4,0,2,"11:10 PM","11:33","",NA,"Prigioni REBOUND (Off:0 Def:1)","","",5,203143,"Pablo Prigioni",1610612746,"LA","Clippers","LAC",0,0,"",NA,"","","",0,0,"",NA,"","",""
"108",21500440,124,1,80,2,"11:10 PM","11:19","",NA,"Crawford 15' Step Back Jump Shot (4 PTS) (Pierce 1 AST)","34 - 22","-12",5,2037,"Jamal Crawford",1610612746,"LA","Clippers","LAC",5,1718,"Paul Pierce",1610612746,"LA","Clippers","LAC",0,0,"",NA,"","",""
"109",21500440,125,1,1,2,"11:10 PM","10:55","Russell 25' 3PT Jump Shot (10 PTS) (Randle 1 AST)",NA,"","34 - 25","-9",4,1626156,"D'Angelo Russell",1610612747,"Los Angeles","Lakers","LAL",4,203944,"Julius Randle",1610612747,"Los Angeles","Lakers","LAL",0,0,"",NA,"","",""
"110",21500440,126,2,1,2,"11:10 PM","10:42","",NA,"MISS Pierce 14' Jump Shot","","",5,1718,"Paul Pierce",1610612746,"LA","Clippers","LAC",0,0,"",NA,"","","",0,0,"",NA,"","",""
"111",21500440,127,4,0,2,"11:10 PM","10:41","Randle REBOUND (Off:0 Def:2)",NA,"","","",4,203944,"Julius Randle",1610612747,"Los Angeles","Lakers","LAL",0,0,"",NA,"","","",0,0,"",NA,"","",""
"112",21500440,128,6,1,2,"11:11 PM","10:35","",NA,"Prigioni P.FOUL (P1.T1) (D.Stafford)","","",5,203143,"Pablo Prigioni",1610612746,"LA","Clippers","LAC",4,203903,"Jordan Clarkson",1610612747,"Los Angeles","Lakers","LAL",1,0,"",NA,"","",""
"113",21500440,129,6,2,2,"11:11 PM","10:20","",NA,"Pierce S.FOUL (P1.T2) (K.Cutler)","","",5,1718,"Paul Pierce",1610612746,"LA","Clippers","LAC",4,203903,"Jordan Clarkson",1610612747,"Los Angeles","Lakers","LAL",1,0,"",NA,"","",""
"114",21500440,130,3,11,2,"11:11 PM","10:20","MISS Clarkson Free Throw 1 of 2",NA,"","","",4,203903,"Jordan Clarkson",1610612747,"Los Angeles","Lakers","LAL",0,0,"",NA,"","","",0,0,"",NA,"","",""
"115",21500440,131,4,1,2,"11:11 PM","10:20","LAKERS Rebound",NA,"","","",2,1610612747,"",NA,"","","",0,0,"",NA,"","","",0,0,"",NA,"","",""
"116",21500440,132,3,12,2,"11:12 PM","10:20","Clarkson Free Throw 2 of 2 (1 PTS)",NA,"","34 - 26","-8",4,203903,"Jordan Clarkson",1610612747,"Los Angeles","Lakers","LAL",0,0,"",NA,"","","",0,0,"",NA,"","",""
"117",21500440,135,2,1,2,"11:12 PM","10:07","",NA,"MISS Crawford 19' Jump Shot","","",5,2037,"Jamal Crawford",1610612746,"LA","Clippers","LAC",0,0,"",NA,"","","",0,0,"",NA,"","",""
"118",21500440,136,4,0,2,"11:12 PM","10:06","",NA,"Prigioni REBOUND (Off:1 Def:1)","","",5,203143,"Pablo Prigioni",1610612746,"LA","Clippers","LAC",0,0,"",NA,"","","",0,0,"",NA,"","",""
"119",21500440,137,2,1,2,"11:12 PM","10:00","",NA,"MISS Pierce 24' 3PT Jump Shot","","",5,1718,"Paul Pierce",1610612746,"LA","Clippers","LAC",0,0,"",NA,"","","",0,0,"",NA,"","",""
"120",21500440,138,4,0,2,"11:12 PM","10:00","Bass REBOUND (Off:0 Def:1)",NA,"","","",4,101138,"Brandon Bass",1610612747,"Los Angeles","Lakers","LAL",0,0,"",NA,"","","",0,0,"",NA,"","",""
"121",21500440,139,5,40,2,"11:12 PM","9:54","Clarkson Out of Bounds Lost Ball Turnover (P2.T8)",NA,"","","",4,203903,"Jordan Clarkson",1610612747,"Los Angeles","Lakers","LAL",0,0,"",NA,"","","",0,0,"",NA,"","",""
"122",21500440,140,2,1,2,"11:13 PM","9:36","",NA,"MISS Stephenson 25' 3PT Jump Shot","","",5,202362,"Lance Stephenson",1610612746,"LA","Clippers","LAC",0,0,"",NA,"","","",0,0,"",NA,"","",""
"123",21500440,141,4,0,2,"11:13 PM","9:35","Randle REBOUND (Off:0 Def:3)",NA,"","","",4,203944,"Julius Randle",1610612747,"Los Angeles","Lakers","LAL",0,0,"",NA,"","","",0,0,"",NA,"","",""
"124",21500440,142,2,1,2,"11:13 PM","9:22","MISS Young  3PT Jump Shot",NA,"","","",4,201156,"Nick Young",1610612747,"Los Angeles","Lakers","LAL",0,0,"",NA,"","","",0,0,"",NA,"","",""
"125",21500440,143,4,0,2,"11:13 PM","9:21","",NA,"Crawford REBOUND (Off:0 Def:1)","","",5,2037,"Jamal Crawford",1610612746,"LA","Clippers","LAC",0,0,"",NA,"","","",0,0,"",NA,"","",""
"126",21500440,144,6,2,2,"11:13 PM","9:17","Bass S.FOUL (P1.T1) (K.Cutler)",NA,"","","",4,101138,"Brandon Bass",1610612747,"Los Angeles","Lakers","LAL",5,2037,"Jamal Crawford",1610612746,"LA","Clippers","LAC",1,0,"",NA,"","",""
"127",21500440,145,3,11,2,"11:13 PM","9:17","",NA,"Crawford Free Throw 1 of 2 (5 PTS)","35 - 26","-9",5,2037,"Jamal Crawford",1610612746,"LA","Clippers","LAC",0,0,"",NA,"","","",0,0,"",NA,"","",""
"128",21500440,147,3,12,2,"11:13 PM","9:17","",NA,"Crawford Free Throw 2 of 2 (6 PTS)","36 - 26","-10",5,2037,"Jamal Crawford",1610612746,"LA","Clippers","LAC",0,0,"",NA,"","","",0,0,"",NA,"","",""
"129",21500440,150,1,80,2,"11:14 PM","9:02","Russell 20' Step Back Jump Shot (12 PTS)",NA,"","36 - 28","-8",4,1626156,"D'Angelo Russell",1610612747,"Los Angeles","Lakers","LAL",0,0,"",NA,"","","",0,0,"",NA,"","",""
"130",21500440,151,2,5,2,"11:14 PM","8:43","",NA,"MISS Aldrich 3' Layup","","",5,202332,"Cole Aldrich",1610612746,"LA","Clippers","LAC",0,0,"",NA,"","","",0,0,"",NA,"","",""
"131",21500440,152,4,0,2,"11:14 PM","8:42","Russell REBOUND (Off:0 Def:2)",NA,"","","",4,1626156,"D'Angelo Russell",1610612747,"Los Angeles","Lakers","LAL",0,0,"",NA,"","","",0,0,"",NA,"","",""
"132",21500440,153,2,80,2,"11:15 PM","8:25","MISS Randle 9' Step Back Jump Shot",NA,"","","",4,203944,"Julius Randle",1610612747,"Los Angeles","Lakers","LAL",0,0,"",NA,"","","",0,0,"",NA,"","",""
"133",21500440,154,4,0,2,"11:15 PM","8:25","LAKERS Rebound",NA,"","","",2,1610612747,"",NA,"","","",0,0,"",NA,"","","",0,0,"",NA,"","",""
"134",21500440,155,9,4,2,"11:15 PM","8:25","",NA,"","","",1,0,"",NA,"","","",0,0,"",NA,"","","",0,0,"",NA,"","",""
"135",21500440,157,8,0,2,"11:17 PM","8:25","SUB: Bryant FOR Young",NA,"","","",4,201156,"Nick Young",1610612747,"Los Angeles","Lakers","LAL",4,977,"Kobe Bryant",1610612747,"Los Angeles","Lakers","LAL",0,0,"",NA,"","",""
"136",21500440,158,2,1,2,"11:18 PM","8:15","MISS Clarkson 29' 3PT Jump Shot",NA,"","","",4,203903,"Jordan Clarkson",1610612747,"Los Angeles","Lakers","LAL",0,0,"",NA,"","","",0,0,"",NA,"","",""
"137",21500440,159,4,0,2,"11:18 PM","8:14","",NA,"Prigioni REBOUND (Off:1 Def:2)","","",5,203143,"Pablo Prigioni",1610612746,"LA","Clippers","LAC",0,0,"",NA,"","","",0,0,"",NA,"","",""
"138",21500440,160,1,79,2,"11:18 PM","7:55","",NA,"Crawford 14' Pullup Jump Shot (8 PTS) (Pierce 2 AST)","38 - 28","-10",5,2037,"Jamal Crawford",1610612746,"LA","Clippers","LAC",5,1718,"Paul Pierce",1610612746,"LA","Clippers","LAC",0,0,"",NA,"","",""
"139",21500440,161,6,17,2,"11:18 PM","7:42","",NA,"Clippers T.Foul (Def. 3 Sec Aldrich ) (L.Richardson)","","",5,202332,"Cole Aldrich",1610612746,"LA","Clippers","LAC",0,0,"",NA,"","","",1,0,"",NA,"","",""
"140",21500440,162,3,16,2,"11:19 PM","7:42","MISS Bryant Free Throw Technical",NA,"","","",4,977,"Kobe Bryant",1610612747,"Los Angeles","Lakers","LAL",0,0,"",NA,"","","",0,0,"",NA,"","",""
"141",21500440,163,4,1,2,"11:19 PM","7:42","LAKERS Rebound",NA,"","","",2,1610612747,"",NA,"","","",0,0,"",NA,"","","",0,0,"",NA,"","",""
"142",21500440,164,8,0,2,"11:19 PM","7:42","",NA,"SUB: Paul FOR Prigioni","","",5,203143,"Pablo Prigioni",1610612746,"LA","Clippers","LAC",5,101108,"Chris Paul",1610612746,"LA","Clippers","LAC",0,0,"",NA,"","",""
"143",21500440,165,8,0,2,"11:19 PM","7:42","",NA,"SUB: W. Johnson FOR Stephenson","","",5,202362,"Lance Stephenson",1610612746,"LA","Clippers","LAC",5,202325,"Wesley Johnson",1610612746,"LA","Clippers","LAC",0,0,"",NA,"","",""
"144",21500440,166,8,0,2,"11:19 PM","7:42","",NA,"SUB: Jordan FOR Aldrich","","",5,202332,"Cole Aldrich",1610612746,"LA","Clippers","LAC",5,201599,"DeAndre Jordan",1610612746,"LA","Clippers","LAC",0,0,"",NA,"","",""
"145",21500440,167,2,1,2,"11:19 PM","7:33","MISS Randle 24' 3PT Jump Shot",NA,"","","",4,203944,"Julius Randle",1610612747,"Los Angeles","Lakers","LAL",0,0,"",NA,"","","",0,0,"",NA,"","",""
"146",21500440,168,4,0,2,"11:19 PM","7:33","",NA,"Crawford REBOUND (Off:0 Def:2)","","",5,2037,"Jamal Crawford",1610612746,"LA","Clippers","LAC",0,0,"",NA,"","","",0,0,"",NA,"","",""
"147",21500440,169,2,1,2,"11:19 PM","7:26","",NA,"MISS W. Johnson  3PT Jump Shot","","",5,202325,"Wesley Johnson",1610612746,"LA","Clippers","LAC",0,0,"",NA,"","","",0,0,"",NA,"","",""
"148",21500440,170,4,0,2,"11:19 PM","7:26","",NA,"Clippers Rebound","","",3,1610612746,"",NA,"","","",0,0,"",NA,"","","",0,0,"",NA,"","",""
"149",21500440,171,6,3,2,"11:19 PM","7:26","Randle L.B.FOUL (P2.T2) (L.Richardson)",NA,"","","",4,203944,"Julius Randle",1610612747,"Los Angeles","Lakers","LAL",5,201599,"DeAndre Jordan",1610612746,"LA","Clippers","LAC",1,0,"",NA,"","",""
"150",21500440,172,8,0,2,"11:20 PM","7:26","",NA,"SUB: Griffin FOR Pierce","","",5,1718,"Paul Pierce",1610612746,"LA","Clippers","LAC",5,201933,"Blake Griffin",1610612746,"LA","Clippers","LAC",0,0,"",NA,"","",""
"151",21500440,173,2,79,2,"11:20 PM","7:20","",NA,"MISS Crawford 16' Pullup Jump Shot","","",5,2037,"Jamal Crawford",1610612746,"LA","Clippers","LAC",0,0,"",NA,"","","",0,0,"",NA,"","",""
"152",21500440,174,4,0,2,"11:20 PM","7:16","Clarkson REBOUND (Off:0 Def:1)",NA,"","","",4,203903,"Jordan Clarkson",1610612747,"Los Angeles","Lakers","LAL",0,0,"",NA,"","","",0,0,"",NA,"","",""
"153",21500440,175,5,2,2,"11:20 PM","7:13","Clarkson Lost Ball Turnover (P3.T9)",NA,"Crawford STEAL (1 STL)","","",4,203903,"Jordan Clarkson",1610612747,"Los Angeles","Lakers","LAL",5,2037,"Jamal Crawford",1610612746,"LA","Clippers","LAC",0,0,"",NA,"","",""
"154",21500440,176,6,2,2,"11:20 PM","7:10","Clarkson S.FOUL (P1.T3) (K.Cutler)",NA,"","","",4,203903,"Jordan Clarkson",1610612747,"Los Angeles","Lakers","LAL",5,2037,"Jamal Crawford",1610612746,"LA","Clippers","LAC",1,0,"",NA,"","",""
"155",21500440,177,3,11,2,"11:20 PM","7:10","",NA,"Crawford Free Throw 1 of 2 (9 PTS)","39 - 28","-11",5,2037,"Jamal Crawford",1610612746,"LA","Clippers","LAC",0,0,"",NA,"","","",0,0,"",NA,"","",""
"156",21500440,179,8,0,2,"11:21 PM","7:10","SUB: Hibbert FOR Bass",NA,"","","",4,101138,"Brandon Bass",1610612747,"Los Angeles","Lakers","LAL",4,201579,"Roy Hibbert",1610612747,"Los Angeles","Lakers","LAL",0,0,"",NA,"","",""
"157",21500440,180,3,12,2,"11:21 PM","7:10","",NA,"Crawford Free Throw 2 of 2 (10 PTS)","40 - 28","-12",5,2037,"Jamal Crawford",1610612746,"LA","Clippers","LAC",0,0,"",NA,"","","",0,0,"",NA,"","",""
"158",21500440,183,1,63,2,"11:21 PM","6:54","Bryant 17' Fadeaway Jumper (2 PTS)",NA,"","40 - 30","-10",4,977,"Kobe Bryant",1610612747,"Los Angeles","Lakers","LAL",0,0,"",NA,"","","",0,0,"",NA,"","",""
"159",21500440,184,1,1,2,"11:22 PM","6:22","",NA,"Paul 19' Jump Shot (10 PTS)","42 - 30","-12",5,101108,"Chris Paul",1610612746,"LA","Clippers","LAC",0,0,"",NA,"","","",0,0,"",NA,"","",""
"160",21500440,185,2,47,2,"11:22 PM","6:08","MISS Hibbert 9' Turnaround Jump Shot",NA,"","","",4,201579,"Roy Hibbert",1610612747,"Los Angeles","Lakers","LAL",0,0,"",NA,"","","",0,0,"",NA,"","",""
"161",21500440,186,4,0,2,"11:22 PM","6:08","",NA,"Paul REBOUND (Off:0 Def:2)","","",5,101108,"Chris Paul",1610612746,"LA","Clippers","LAC",0,0,"",NA,"","","",0,0,"",NA,"","",""
"162",21500440,187,1,1,2,"11:22 PM","5:58","",NA,"Paul 12' Jump Shot (12 PTS)","44 - 30","-14",5,101108,"Chris Paul",1610612746,"LA","Clippers","LAC",0,0,"",NA,"","","",0,0,"",NA,"","",""
"163",21500440,188,9,1,2,"11:22 PM","5:52","LAKERS Timeout: Regular (Full 2 Short 0)",NA,"","","",2,1610612747,"",NA,"","","",0,0,"",NA,"","","",0,0,"",NA,"","",""
"164",21500440,190,8,0,2,"11:25 PM","5:52","SUB: Williams FOR Randle",NA,"","","",4,203944,"Julius Randle",1610612747,"Los Angeles","Lakers","LAL",4,101150,"Lou Williams",1610612747,"Los Angeles","Lakers","LAL",0,0,"",NA,"","",""
"165",21500440,191,8,0,2,"11:25 PM","5:52","SUB: Nance Jr. FOR Russell",NA,"","","",4,1626156,"D'Angelo Russell",1610612747,"Los Angeles","Lakers","LAL",4,1626204,"Larry Nance Jr.",1610612747,"Los Angeles","Lakers","LAL",0,0,"",NA,"","",""
"166",21500440,192,8,0,2,"11:25 PM","5:52","",NA,"SUB: Redick FOR Crawford","","",5,2037,"Jamal Crawford",1610612746,"LA","Clippers","LAC",5,200755,"JJ Redick",1610612746,"LA","Clippers","LAC",0,0,"",NA,"","",""
"167",21500440,193,2,1,2,"11:26 PM","5:34","MISS Clarkson 25' 3PT Jump Shot",NA,"","","",4,203903,"Jordan Clarkson",1610612747,"Los Angeles","Lakers","LAL",0,0,"",NA,"","","",0,0,"",NA,"","",""
"168",21500440,194,4,0,2,"11:26 PM","5:33","",NA,"Paul REBOUND (Off:0 Def:3)","","",5,101108,"Chris Paul",1610612746,"LA","Clippers","LAC",0,0,"",NA,"","","",0,0,"",NA,"","",""
"169",21500440,195,1,79,2,"11:26 PM","5:26","",NA,"W. Johnson 25' 3PT Pullup Jump Shot (3 PTS) (Paul 4 AST)","47 - 30","-17",5,202325,"Wesley Johnson",1610612746,"LA","Clippers","LAC",5,101108,"Chris Paul",1610612746,"LA","Clippers","LAC",0,0,"",NA,"","",""
"170",21500440,196,6,2,2,"11:26 PM","5:10","",NA,"W. Johnson S.FOUL (P1.T3) (K.Cutler)","","",5,202325,"Wesley Johnson",1610612746,"LA","Clippers","LAC",4,977,"Kobe Bryant",1610612747,"Los Angeles","Lakers","LAL",1,0,"",NA,"","",""
"171",21500440,197,3,13,2,"11:26 PM","5:10","MISS Bryant Free Throw 1 of 3",NA,"","","",4,977,"Kobe Bryant",1610612747,"Los Angeles","Lakers","LAL",0,0,"",NA,"","","",0,0,"",NA,"","",""
"172",21500440,198,4,1,2,"11:26 PM","5:10","LAKERS Rebound",NA,"","","",2,1610612747,"",NA,"","","",0,0,"",NA,"","","",0,0,"",NA,"","",""
"173",21500440,199,3,14,2,"11:26 PM","5:10","Bryant Free Throw 2 of 3 (3 PTS)",NA,"","47 - 31","-16",4,977,"Kobe Bryant",1610612747,"Los Angeles","Lakers","LAL",0,0,"",NA,"","","",0,0,"",NA,"","",""
"174",21500440,201,3,15,2,"11:27 PM","5:10","MISS Bryant Free Throw 3 of 3",NA,"","","",4,977,"Kobe Bryant",1610612747,"Los Angeles","Lakers","LAL",0,0,"",NA,"","","",0,0,"",NA,"","",""
"175",21500440,203,4,0,2,"11:27 PM","5:09","",NA,"Jordan REBOUND (Off:1 Def:5)","","",5,201599,"DeAndre Jordan",1610612746,"LA","Clippers","LAC",0,0,"",NA,"","","",0,0,"",NA,"","",""
"176",21500440,204,2,85,2,"11:27 PM","4:51","",NA,"MISS Griffin 10' Turnaround Bank Shot","","",5,201933,"Blake Griffin",1610612746,"LA","Clippers","LAC",0,0,"",NA,"","","",0,0,"",NA,"","",""
"177",21500440,205,4,0,2,"11:27 PM","4:50","Hibbert REBOUND (Off:0 Def:1)",NA,"","","",4,201579,"Roy Hibbert",1610612747,"Los Angeles","Lakers","LAL",0,0,"",NA,"","","",0,0,"",NA,"","",""
"178",21500440,206,1,1,2,"11:27 PM","4:43","Bryant 25' 3PT Jump Shot (6 PTS)",NA,"","47 - 34","-13",4,977,"Kobe Bryant",1610612747,"Los Angeles","Lakers","LAL",0,0,"",NA,"","","",0,0,"",NA,"","",""
"179",21500440,207,2,1,2,"11:28 PM","4:29","",NA,"MISS Redick 21' Jump Shot","","",5,200755,"JJ Redick",1610612746,"LA","Clippers","LAC",0,0,"",NA,"","","",0,0,"",NA,"","",""
"180",21500440,208,4,0,2,"11:28 PM","4:29","LAKERS Rebound",NA,"","","",2,1610612747,"",NA,"","","",0,0,"",NA,"","","",0,0,"",NA,"","",""
"181",21500440,209,6,3,2,"11:28 PM","4:29","",NA,"Jordan L.B.FOUL (P1.T4) (K.Cutler)","","",5,201599,"DeAndre Jordan",1610612746,"LA","Clippers","LAC",4,203903,"Jordan Clarkson",1610612747,"Los Angeles","Lakers","LAL",1,0,"",NA,"","",""
"182",21500440,212,1,1,2,"11:28 PM","4:14","Bryant 26' 3PT Jump Shot (9 PTS) (Nance Jr. 1 AST)",NA,"","47 - 37","-10",4,977,"Kobe Bryant",1610612747,"Los Angeles","Lakers","LAL",4,1626204,"Larry Nance Jr.",1610612747,"Los Angeles","Lakers","LAL",0,0,"",NA,"","",""
"183",21500440,213,9,1,2,"11:29 PM","4:09","",NA,"Clippers Timeout: Regular (Reg.2 Short 0)","","",3,1610612746,"",NA,"","","",0,0,"",NA,"","","",0,0,"",NA,"","",""
"184",21500440,215,8,0,2,"11:31 PM","4:09","",NA,"SUB: Mbah a Moute FOR W. Johnson","","",5,202325,"Wesley Johnson",1610612746,"LA","Clippers","LAC",5,201601,"Luc Mbah a Moute",1610612746,"LA","Clippers","LAC",0,0,"",NA,"","",""
"185",21500440,216,2,3,2,"11:31 PM","4:03","",NA,"MISS Griffin 6' Hook Shot","","",5,201933,"Blake Griffin",1610612746,"LA","Clippers","LAC",0,0,"",NA,"","","",0,0,"",NA,"","",""
"186",21500440,217,4,0,2,"11:32 PM","4:03","",NA,"Griffin REBOUND (Off:2 Def:2)","","",5,201933,"Blake Griffin",1610612746,"LA","Clippers","LAC",0,0,"",NA,"","","",0,0,"",NA,"","",""
"187",21500440,218,1,5,2,"11:32 PM","4:01","",NA,"Griffin 1' Layup (9 PTS)","49 - 37","-12",5,201933,"Blake Griffin",1610612746,"LA","Clippers","LAC",0,0,"",NA,"","","",0,0,"",NA,"","",""
"188",21500440,219,2,1,2,"11:32 PM","3:45","MISS Bryant 26' 3PT Jump Shot",NA,"","","",4,977,"Kobe Bryant",1610612747,"Los Angeles","Lakers","LAL",0,0,"",NA,"","","",0,0,"",NA,"","",""
"189",21500440,220,4,0,2,"11:32 PM","3:44","",NA,"Clippers Rebound","","",3,1610612746,"",NA,"","","",0,0,"",NA,"","","",0,0,"",NA,"","",""
"190",21500440,222,2,79,2,"11:32 PM","3:37","",NA,"MISS Paul 15' Pullup Jump Shot","","",5,101108,"Chris Paul",1610612746,"LA","Clippers","LAC",0,0,"",NA,"","","",0,0,"",NA,"","",""
"191",21500440,223,4,0,2,"11:32 PM","3:36","Hibbert REBOUND (Off:0 Def:2)",NA,"","","",4,201579,"Roy Hibbert",1610612747,"Los Angeles","Lakers","LAL",0,0,"",NA,"","","",0,0,"",NA,"","",""
"192",21500440,224,1,1,2,"11:32 PM","3:27","Clarkson 19' Jump Shot (3 PTS)",NA,"","49 - 39","-10",4,203903,"Jordan Clarkson",1610612747,"Los Angeles","Lakers","LAL",0,0,"",NA,"","","",0,0,"",NA,"","",""
"193",21500440,225,2,1,2,"11:33 PM","3:09","",NA,"MISS Griffin 5' Jump Shot","","",5,201933,"Blake Griffin",1610612746,"LA","Clippers","LAC",0,0,"",NA,"","","",0,0,"",NA,"","",""
"194",21500440,226,4,0,2,"11:33 PM","3:08","Nance Jr. REBOUND (Off:1 Def:3)",NA,"","","",4,1626204,"Larry Nance Jr.",1610612747,"Los Angeles","Lakers","LAL",0,0,"",NA,"","","",0,0,"",NA,"","",""
"195",21500440,227,2,1,2,"11:33 PM","2:59","MISS Williams 24' 3PT Jump Shot",NA,"","","",4,101150,"Lou Williams",1610612747,"Los Angeles","Lakers","LAL",0,0,"",NA,"","","",0,0,"",NA,"","",""
"196",21500440,228,4,0,2,"11:33 PM","2:59","",NA,"Jordan REBOUND (Off:1 Def:6)","","",5,201599,"DeAndre Jordan",1610612746,"LA","Clippers","LAC",0,0,"",NA,"","","",0,0,"",NA,"","",""
"197",21500440,229,2,52,2,"11:33 PM","2:41","",NA,"MISS Jordan  Alley Oop Dunk","","",5,201599,"DeAndre Jordan",1610612746,"LA","Clippers","LAC",0,0,"",NA,"","","",0,0,"",NA,"","",""
"198",21500440,230,4,0,2,"11:33 PM","2:39","",NA,"Griffin REBOUND (Off:3 Def:2)","","",5,201933,"Blake Griffin",1610612746,"LA","Clippers","LAC",0,0,"",NA,"","","",0,0,"",NA,"","",""
"199",21500440,231,1,46,2,"11:33 PM","2:38","",NA,"Paul 12' Running Jump Shot (14 PTS) (Griffin 2 AST)","51 - 39","-12",5,101108,"Chris Paul",1610612746,"LA","Clippers","LAC",5,201933,"Blake Griffin",1610612746,"LA","Clippers","LAC",0,0,"",NA,"","",""
"200",21500440,232,6,2,2,"11:33 PM","2:38","Clarkson S.FOUL (P2.T4) (D.Stafford)",NA,"","","",4,203903,"Jordan Clarkson",1610612747,"Los Angeles","Lakers","LAL",5,101108,"Chris Paul",1610612746,"LA","Clippers","LAC",1,0,"",NA,"","",""
"201",21500440,233,3,10,2,"11:33 PM","2:38","",NA,"Paul Free Throw 1 of 1 (15 PTS)","52 - 39","-13",5,101108,"Chris Paul",1610612746,"LA","Clippers","LAC",0,0,"",NA,"","","",0,0,"",NA,"","",""
"202",21500440,236,2,1,2,"11:34 PM","2:26","MISS Hibbert 11' Jump Shot",NA,"","","",4,201579,"Roy Hibbert",1610612747,"Los Angeles","Lakers","LAL",0,0,"",NA,"","","",0,0,"",NA,"","",""
"203",21500440,237,4,0,2,"11:34 PM","2:25","",NA,"Jordan REBOUND (Off:1 Def:7)","","",5,201599,"DeAndre Jordan",1610612746,"LA","Clippers","LAC",0,0,"",NA,"","","",0,0,"",NA,"","",""
"204",21500440,238,2,47,2,"11:34 PM","2:10","",NA,"MISS Griffin 11' Turnaround Jump Shot","","",5,201933,"Blake Griffin",1610612746,"LA","Clippers","LAC",0,0,"",NA,"","","",0,0,"",NA,"","",""
"205",21500440,239,4,0,2,"11:34 PM","2:08","",NA,"Jordan REBOUND (Off:2 Def:7)","","",5,201599,"DeAndre Jordan",1610612746,"LA","Clippers","LAC",0,0,"",NA,"","","",0,0,"",NA,"","",""
"206",21500440,240,1,87,2,"11:34 PM","2:08","",NA,"Jordan  Putback Dunk (6 PTS)","54 - 39","-15",5,201599,"DeAndre Jordan",1610612746,"LA","Clippers","LAC",0,0,"",NA,"","","",0,0,"",NA,"","",""
"207",21500440,241,6,2,2,"11:34 PM","2:01","",NA,"Redick S.FOUL (P2.PN) (K.Cutler)","","",5,200755,"JJ Redick",1610612746,"LA","Clippers","LAC",4,101150,"Lou Williams",1610612747,"Los Angeles","Lakers","LAL",1,0,"",NA,"","",""
"208",21500440,242,3,11,2,"11:35 PM","2:01","Williams Free Throw 1 of 2 (7 PTS)",NA,"","54 - 40","-14",4,101150,"Lou Williams",1610612747,"Los Angeles","Lakers","LAL",0,0,"",NA,"","","",0,0,"",NA,"","",""
"209",21500440,244,3,12,2,"11:35 PM","2:01","MISS Williams Free Throw 2 of 2",NA,"","","",4,101150,"Lou Williams",1610612747,"Los Angeles","Lakers","LAL",0,0,"",NA,"","","",0,0,"",NA,"","",""
"210",21500440,246,4,0,2,"11:35 PM","1:59","",NA,"Griffin REBOUND (Off:3 Def:3)","","",5,201933,"Blake Griffin",1610612746,"LA","Clippers","LAC",0,0,"",NA,"","","",0,0,"",NA,"","",""
"211",21500440,248,6,2,2,"11:35 PM","1:47","Hibbert S.FOUL (P1.PN) (K.Cutler)",NA,"","","",4,201579,"Roy Hibbert",1610612747,"Los Angeles","Lakers","LAL",5,201599,"DeAndre Jordan",1610612746,"LA","Clippers","LAC",1,0,"",NA,"","",""
"212",21500440,249,3,11,2,"11:35 PM","1:47","",NA,"MISS Jordan Free Throw 1 of 2","","",5,201599,"DeAndre Jordan",1610612746,"LA","Clippers","LAC",0,0,"",NA,"","","",0,0,"",NA,"","",""
"213",21500440,250,4,1,2,"11:35 PM","1:47","",NA,"Clippers Rebound","","",3,1610612746,"",NA,"","","",0,0,"",NA,"","","",0,0,"",NA,"","",""
"214",21500440,251,3,12,2,"11:36 PM","1:47","",NA,"Jordan Free Throw 2 of 2 (7 PTS)","55 - 40","-15",5,201599,"DeAndre Jordan",1610612746,"LA","Clippers","LAC",0,0,"",NA,"","","",0,0,"",NA,"","",""
"215",21500440,254,1,3,2,"11:36 PM","1:23","Clarkson 7' Hook Shot (5 PTS)",NA,"","55 - 42","-13",4,203903,"Jordan Clarkson",1610612747,"Los Angeles","Lakers","LAL",0,0,"",NA,"","","",0,0,"",NA,"","",""
"216",21500440,255,5,2,2,"11:37 PM","1:15","Bryant STEAL (1 STL)",NA,"Mbah a Moute Lost Ball Turnover (P1.T4)","","",5,201601,"Luc Mbah a Moute",1610612746,"LA","Clippers","LAC",4,977,"Kobe Bryant",1610612747,"Los Angeles","Lakers","LAL",0,0,"",NA,"","",""
"217",21500440,257,6,2,2,"11:37 PM","1:02","",NA,"Paul S.FOUL (P1.PN) (L.Richardson)","","",5,101108,"Chris Paul",1610612746,"LA","Clippers","LAC",4,203903,"Jordan Clarkson",1610612747,"Los Angeles","Lakers","LAL",1,0,"",NA,"","",""
"218",21500440,258,3,11,2,"11:37 PM","1:02","Clarkson Free Throw 1 of 2 (6 PTS)",NA,"","55 - 43","-12",4,203903,"Jordan Clarkson",1610612747,"Los Angeles","Lakers","LAL",0,0,"",NA,"","","",0,0,"",NA,"","",""
"219",21500440,260,3,12,2,"11:38 PM","1:02","Clarkson Free Throw 2 of 2 (7 PTS)",NA,"","55 - 44","-11",4,203903,"Jordan Clarkson",1610612747,"Los Angeles","Lakers","LAL",0,0,"",NA,"","","",0,0,"",NA,"","",""
"220",21500440,263,1,101,2,"11:38 PM","0:50","",NA,"Paul 6' Driving Floating Jump Shot (17 PTS)","57 - 44","-13",5,101108,"Chris Paul",1610612746,"LA","Clippers","LAC",0,0,"",NA,"","","",0,0,"",NA,"","",""
"221",21500440,264,2,86,2,"11:38 PM","0:36","MISS Bryant 9' Turnaround Fadeaway Shot",NA,"","","",4,977,"Kobe Bryant",1610612747,"Los Angeles","Lakers","LAL",0,0,"",NA,"","","",0,0,"",NA,"","",""
"222",21500440,265,4,0,2,"11:38 PM","0:35","",NA,"Jordan REBOUND (Off:2 Def:8)","","",5,201599,"DeAndre Jordan",1610612746,"LA","Clippers","LAC",0,0,"",NA,"","","",0,0,"",NA,"","",""
"223",21500440,266,5,45,2,"11:38 PM","0:34","",NA,"Jordan Out of Bounds - Bad Pass Turnover Turnover (P1.T5)","","",5,201599,"DeAndre Jordan",1610612746,"LA","Clippers","LAC",0,0,"",NA,"","","",0,0,"",NA,"","",""
"224",21500440,267,8,0,2,"11:39 PM","0:34","",NA,"SUB: Crawford FOR Redick","","",5,200755,"JJ Redick",1610612746,"LA","Clippers","LAC",5,2037,"Jamal Crawford",1610612746,"LA","Clippers","LAC",0,0,"",NA,"","",""
"225",21500440,268,2,1,2,"11:39 PM","0:25","MISS Hibbert 17' Jump Shot",NA,"","","",4,201579,"Roy Hibbert",1610612747,"Los Angeles","Lakers","LAL",0,0,"",NA,"","","",0,0,"",NA,"","",""
"226",21500440,269,4,0,2,"11:39 PM","0:24","",NA,"Crawford REBOUND (Off:0 Def:3)","","",5,2037,"Jamal Crawford",1610612746,"LA","Clippers","LAC",0,0,"",NA,"","","",0,0,"",NA,"","",""
"227",21500440,270,1,1,2,"11:39 PM","0:03","",NA,"Mbah a Moute  3PT Jump Shot (3 PTS) (Griffin 3 AST)","60 - 44","-16",5,201601,"Luc Mbah a Moute",1610612746,"LA","Clippers","LAC",5,201933,"Blake Griffin",1610612746,"LA","Clippers","LAC",0,0,"",NA,"","",""
"228",21500440,271,2,1,2,"11:39 PM","0:00","MISS Clarkson 25' 3PT Jump Shot",NA,"","","",4,203903,"Jordan Clarkson",1610612747,"Los Angeles","Lakers","LAL",0,0,"",NA,"","","",0,0,"",NA,"","",""
"229",21500440,272,4,0,2,"11:39 PM","0:00","LAKERS Rebound",NA,"","","",2,1610612747,"",NA,"","","",0,0,"",NA,"","","",0,0,"",NA,"","",""
"230",21500440,273,13,0,2,"11:40 PM","0:00","",NA,"","60 - 44","-16",0,0,"",NA,"","","",0,0,"",NA,"","","",0,0,"",NA,"","",""
"231",21500440,275,12,0,3,"11:57 PM","12:00","",NA,"","60 - 44","-16",0,0,"",NA,"","","",0,0,"",NA,"","","",0,0,"",NA,"","",""
"232",21500440,276,1,44,3,"11:57 PM","11:48","",NA,"Griffin 1' Reverse Layup (11 PTS) (Redick 2 AST)","62 - 44","-18",5,201933,"Blake Griffin",1610612746,"LA","Clippers","LAC",5,200755,"JJ Redick",1610612746,"LA","Clippers","LAC",0,0,"",NA,"","",""
"233",21500440,277,1,1,3,"11:57 PM","11:32","Bryant 26' 3PT Jump Shot (12 PTS) (Nance Jr. 2 AST)",NA,"","62 - 47","-15",4,977,"Kobe Bryant",1610612747,"Los Angeles","Lakers","LAL",4,1626204,"Larry Nance Jr.",1610612747,"Los Angeles","Lakers","LAL",0,0,"",NA,"","",""
"234",21500440,278,6,4,3,"11:58 PM","11:15","",NA,"Griffin OFF.Foul (P2) (D.Stafford)","","",5,201933,"Blake Griffin",1610612746,"LA","Clippers","LAC",4,101150,"Lou Williams",1610612747,"Los Angeles","Lakers","LAL",1,0,"",NA,"","",""
"235",21500440,279,5,5,3,"11:58 PM","11:15","",NA,"Griffin Foul Turnover (P3.T6)","","",5,201933,"Blake Griffin",1610612746,"LA","Clippers","LAC",0,0,"",NA,"","","",1,0,"",NA,"","",""
"236",21500440,280,6,26,3,"11:58 PM","10:53","Clarkson Offensive Charge Foul (P3.T1) (K.Cutler)",NA,"","","",4,203903,"Jordan Clarkson",1610612747,"Los Angeles","Lakers","LAL",5,101108,"Chris Paul",1610612746,"LA","Clippers","LAC",1,0,"",NA,"","",""
"237",21500440,281,5,5,3,"11:58 PM","10:53","Clarkson Foul Turnover (P4.T10)",NA,"","","",4,203903,"Jordan Clarkson",1610612747,"Los Angeles","Lakers","LAL",0,0,"",NA,"","","",1,0,"",NA,"","",""
"238",21500440,282,2,1,3,"11:59 PM","10:40","",NA,"MISS Mbah a Moute  3PT Jump Shot","","",5,201601,"Luc Mbah a Moute",1610612746,"LA","Clippers","LAC",0,0,"",NA,"","","",0,0,"",NA,"","",""
"239",21500440,283,4,0,3,"11:59 PM","10:40","Williams REBOUND (Off:0 Def:1)",NA,"","","",4,101150,"Lou Williams",1610612747,"Los Angeles","Lakers","LAL",0,0,"",NA,"","","",0,0,"",NA,"","",""
"240",21500440,284,5,1,3,"11:59 PM","10:21","Bryant Bad Pass Turnover (P3.T11)",NA,"Mbah a Moute STEAL (1 STL)","","",4,977,"Kobe Bryant",1610612747,"Los Angeles","Lakers","LAL",5,201601,"Luc Mbah a Moute",1610612746,"LA","Clippers","LAC",0,0,"",NA,"","",""
"241",21500440,285,2,80,3,"11:59 PM","10:08","",NA,"MISS Griffin 17' Step Back Jump Shot","","",5,201933,"Blake Griffin",1610612746,"LA","Clippers","LAC",0,0,"",NA,"","","",0,0,"",NA,"","",""
"242",21500440,286,4,0,3,"11:59 PM","10:06","Bryant REBOUND (Off:0 Def:2)",NA,"","","",4,977,"Kobe Bryant",1610612747,"Los Angeles","Lakers","LAL",0,0,"",NA,"","","",0,0,"",NA,"","",""
"243",21500440,287,2,78,3,"11:59 PM","9:55","MISS Williams 10' Floating Jump Shot",NA,"","","",4,101150,"Lou Williams",1610612747,"Los Angeles","Lakers","LAL",0,0,"",NA,"","","",0,0,"",NA,"","",""
"244",21500440,288,4,0,3,"11:59 PM","9:54","",NA,"Mbah a Moute REBOUND (Off:0 Def:1)","","",5,201601,"Luc Mbah a Moute",1610612746,"LA","Clippers","LAC",0,0,"",NA,"","","",0,0,"",NA,"","",""
"245",21500440,289,2,79,3,"11:59 PM","9:47","",NA,"MISS Paul 14' Pullup Jump Shot","","",5,101108,"Chris Paul",1610612746,"LA","Clippers","LAC",0,0,"",NA,"","","",0,0,"",NA,"","",""
"246",21500440,290,4,0,3,"11:59 PM","9:44","Clarkson REBOUND (Off:0 Def:2)",NA,"","","",4,203903,"Jordan Clarkson",1610612747,"Los Angeles","Lakers","LAL",0,0,"",NA,"","","",0,0,"",NA,"","",""
"247",21500440,291,2,1,3,"12:00 AM","9:28","MISS Hibbert 18' Jump Shot",NA,"","","",4,201579,"Roy Hibbert",1610612747,"Los Angeles","Lakers","LAL",0,0,"",NA,"","","",0,0,"",NA,"","",""
"248",21500440,292,4,0,3,"12:00 AM","9:27","",NA,"Paul REBOUND (Off:0 Def:4)","","",5,101108,"Chris Paul",1610612746,"LA","Clippers","LAC",0,0,"",NA,"","","",0,0,"",NA,"","",""
"249",21500440,293,1,1,3,"12:00 AM","9:11","",NA,"Mbah a Moute 24' 3PT Jump Shot (6 PTS) (Griffin 4 AST)","65 - 47","-18",5,201601,"Luc Mbah a Moute",1610612746,"LA","Clippers","LAC",5,201933,"Blake Griffin",1610612746,"LA","Clippers","LAC",0,0,"",NA,"","",""
"250",21500440,294,2,42,3,"12:00 AM","8:52","MISS Williams 2' Driving Layup",NA,"","","",4,101150,"Lou Williams",1610612747,"Los Angeles","Lakers","LAL",0,0,"",NA,"","","",0,0,"",NA,"","",""
"251",21500440,295,4,0,3,"12:00 AM","8:50","",NA,"Redick REBOUND (Off:0 Def:1)","","",5,200755,"JJ Redick",1610612746,"LA","Clippers","LAC",0,0,"",NA,"","","",0,0,"",NA,"","",""
"252",21500440,296,1,52,3,"12:00 AM","8:44","",NA,"Jordan  Alley Oop Dunk (9 PTS) (Paul 5 AST)","67 - 47","-20",5,201599,"DeAndre Jordan",1610612746,"LA","Clippers","LAC",5,101108,"Chris Paul",1610612746,"LA","Clippers","LAC",0,0,"",NA,"","",""
"253",21500440,297,9,1,3,"12:01 AM","8:41","LAKERS Timeout: Regular (Full 3 Short 0)",NA,"","","",2,1610612747,"",NA,"","","",0,0,"",NA,"","","",0,0,"",NA,"","",""
"254",21500440,299,6,1,3,"12:04 AM","8:30","",NA,"Griffin P.FOUL (P3.T1) (L.Richardson)","","",5,201933,"Blake Griffin",1610612746,"LA","Clippers","LAC",4,101150,"Lou Williams",1610612747,"Los Angeles","Lakers","LAL",1,0,"",NA,"","",""
"255",21500440,300,2,1,3,"12:04 AM","8:22","MISS Bryant 18' Jump Shot",NA,"","","",4,977,"Kobe Bryant",1610612747,"Los Angeles","Lakers","LAL",0,0,"",NA,"","","",0,0,"",NA,"","",""
"256",21500440,301,4,0,3,"12:04 AM","8:22","",NA,"Griffin REBOUND (Off:3 Def:4)","","",5,201933,"Blake Griffin",1610612746,"LA","Clippers","LAC",0,0,"",NA,"","","",0,0,"",NA,"","",""
"257",21500440,302,5,1,3,"12:04 AM","8:07","Bryant STEAL (2 STL)",NA,"Paul Bad Pass Turnover (P1.T7)","","",5,101108,"Chris Paul",1610612746,"LA","Clippers","LAC",4,977,"Kobe Bryant",1610612747,"Los Angeles","Lakers","LAL",0,0,"",NA,"","",""
"258",21500440,303,2,5,3,"12:05 AM","8:00","MISS Clarkson 2' Layup",NA,"","","",4,203903,"Jordan Clarkson",1610612747,"Los Angeles","Lakers","LAL",0,0,"",NA,"","","",0,0,"",NA,"","",""
"259",21500440,304,4,0,3,"12:05 AM","7:59","",NA,"Griffin REBOUND (Off:3 Def:5)","","",5,201933,"Blake Griffin",1610612746,"LA","Clippers","LAC",0,0,"",NA,"","","",0,0,"",NA,"","",""
"260",21500440,305,2,1,3,"12:05 AM","7:51","",NA,"MISS Redick 26' 3PT Jump Shot","","",5,200755,"JJ Redick",1610612746,"LA","Clippers","LAC",0,0,"",NA,"","","",0,0,"",NA,"","",""
"261",21500440,306,4,0,3,"12:05 AM","7:51","LAKERS Rebound",NA,"","","",2,1610612747,"",NA,"","","",0,0,"",NA,"","","",0,0,"",NA,"","",""
"262",21500440,307,1,75,3,"12:05 AM","7:38","Clarkson 2' Driving Finger Roll Layup (9 PTS)",NA,"","67 - 49","-18",4,203903,"Jordan Clarkson",1610612747,"Los Angeles","Lakers","LAL",0,0,"",NA,"","","",0,0,"",NA,"","",""
"263",21500440,308,2,78,3,"12:06 AM","7:07","",NA,"MISS Redick 5' Floating Jump Shot","","",5,200755,"JJ Redick",1610612746,"LA","Clippers","LAC",0,0,"",NA,"","","",0,0,"",NA,"","",""
"264",21500440,309,4,0,3,"12:06 AM","7:05","Bryant REBOUND (Off:0 Def:3)",NA,"","","",4,977,"Kobe Bryant",1610612747,"Los Angeles","Lakers","LAL",0,0,"",NA,"","","",0,0,"",NA,"","",""
"265",21500440,310,2,1,3,"12:06 AM","6:53","MISS Williams 25' 3PT Jump Shot",NA,"","","",4,101150,"Lou Williams",1610612747,"Los Angeles","Lakers","LAL",0,0,"",NA,"","","",0,0,"",NA,"","",""
"266",21500440,311,4,0,3,"12:06 AM","6:52","",NA,"Jordan REBOUND (Off:2 Def:9)","","",5,201599,"DeAndre Jordan",1610612746,"LA","Clippers","LAC",0,0,"",NA,"","","",0,0,"",NA,"","",""
"267",21500440,312,1,80,3,"12:06 AM","6:39","",NA,"Paul 13' Step Back Jump Shot (19 PTS)","69 - 49","-20",5,101108,"Chris Paul",1610612746,"LA","Clippers","LAC",0,0,"",NA,"","","",0,0,"",NA,"","",""
"268",21500440,313,1,1,3,"12:06 AM","6:18","Nance Jr. 18' Jump Shot (2 PTS) (Bryant 2 AST)",NA,"","69 - 51","-18",4,1626204,"Larry Nance Jr.",1610612747,"Los Angeles","Lakers","LAL",4,977,"Kobe Bryant",1610612747,"Los Angeles","Lakers","LAL",0,0,"",NA,"","",""
"269",21500440,314,1,1,3,"12:07 AM","6:07","",NA,"Griffin 18' Jump Shot (13 PTS) (Paul 6 AST)","71 - 51","-20",5,201933,"Blake Griffin",1610612746,"LA","Clippers","LAC",5,101108,"Chris Paul",1610612746,"LA","Clippers","LAC",0,0,"",NA,"","",""
"270",21500440,315,1,1,3,"12:07 AM","5:46","Nance Jr. 18' Jump Shot (4 PTS) (Clarkson 3 AST)",NA,"","71 - 53","-18",4,1626204,"Larry Nance Jr.",1610612747,"Los Angeles","Lakers","LAL",4,203903,"Jordan Clarkson",1610612747,"Los Angeles","Lakers","LAL",0,0,"",NA,"","",""
"271",21500440,316,5,1,3,"12:07 AM","5:29","Clarkson STEAL (1 STL)",NA,"Redick Bad Pass Turnover (P1.T8)","","",5,200755,"JJ Redick",1610612746,"LA","Clippers","LAC",4,203903,"Jordan Clarkson",1610612747,"Los Angeles","Lakers","LAL",0,0,"",NA,"","",""
"272",21500440,317,1,79,3,"12:07 AM","5:23","Clarkson 20' Pullup Jump Shot (11 PTS) (Bryant 3 AST)",NA,"","71 - 55","-16",4,203903,"Jordan Clarkson",1610612747,"Los Angeles","Lakers","LAL",4,977,"Kobe Bryant",1610612747,"Los Angeles","Lakers","LAL",0,0,"",NA,"","",""
"273",21500440,318,9,1,3,"12:07 AM","5:22","",NA,"Clippers Timeout: Regular (Reg.3 Short 0)","","",3,1610612746,"",NA,"","","",0,0,"",NA,"","","",0,0,"",NA,"","",""
"274",21500440,320,5,40,3,"12:11 AM","5:06","",NA,"Griffin Out of Bounds Lost Ball Turnover (P4.T9)","","",5,201933,"Blake Griffin",1610612746,"LA","Clippers","LAC",0,0,"",NA,"","","",0,0,"",NA,"","",""
"275",21500440,321,1,1,3,"12:11 AM","4:53","Nance Jr. 20' Jump Shot (6 PTS) (Hibbert 1 AST)",NA,"","71 - 57","-14",4,1626204,"Larry Nance Jr.",1610612747,"Los Angeles","Lakers","LAL",4,201579,"Roy Hibbert",1610612747,"Los Angeles","Lakers","LAL",0,0,"",NA,"","",""
"276",21500440,322,1,1,3,"12:11 AM","4:38","",NA,"Redick 25' 3PT Jump Shot (11 PTS) (Griffin 5 AST)","74 - 57","-17",5,200755,"JJ Redick",1610612746,"LA","Clippers","LAC",5,201933,"Blake Griffin",1610612746,"LA","Clippers","LAC",0,0,"",NA,"","",""
"277",21500440,324,8,0,3,"12:12 AM","4:10","SUB: Russell FOR Williams",NA,"","","",4,101150,"Lou Williams",1610612747,"Los Angeles","Lakers","LAL",4,1626156,"D'Angelo Russell",1610612747,"Los Angeles","Lakers","LAL",0,0,"",NA,"","",""
"278",21500440,325,8,0,3,"12:12 AM","4:10","SUB: Young FOR Bryant",NA,"","","",4,977,"Kobe Bryant",1610612747,"Los Angeles","Lakers","LAL",4,201156,"Nick Young",1610612747,"Los Angeles","Lakers","LAL",0,0,"",NA,"","",""
"279",21500440,326,5,11,3,"12:12 AM","4:10","LAKERS Turnover: Shot Clock (T#12)",NA,"","","",2,1610612747,"",NA,"","","",0,0,"",NA,"","","",1,0,"",NA,"","",""
"280",21500440,327,2,1,3,"12:12 AM","3:56","",NA,"MISS Redick 25' 3PT Jump Shot","","",5,200755,"JJ Redick",1610612746,"LA","Clippers","LAC",0,0,"",NA,"","","",0,0,"",NA,"","",""
"281",21500440,328,4,0,3,"12:12 AM","3:56","Clarkson REBOUND (Off:0 Def:3)",NA,"","","",4,203903,"Jordan Clarkson",1610612747,"Los Angeles","Lakers","LAL",0,0,"",NA,"","","",0,0,"",NA,"","",""
"282",21500440,329,2,1,3,"12:13 AM","3:42","MISS Hibbert 18' Jump Shot",NA,"","","",4,201579,"Roy Hibbert",1610612747,"Los Angeles","Lakers","LAL",0,0,"",NA,"","","",0,0,"",NA,"","",""
"283",21500440,330,4,0,3,"12:13 AM","3:41","Nance Jr. REBOUND (Off:2 Def:3)",NA,"","","",4,1626204,"Larry Nance Jr.",1610612747,"Los Angeles","Lakers","LAL",0,0,"",NA,"","","",0,0,"",NA,"","",""
"284",21500440,331,2,1,3,"12:13 AM","3:35","MISS Russell 25' 3PT Jump Shot",NA,"","","",4,1626156,"D'Angelo Russell",1610612747,"Los Angeles","Lakers","LAL",0,0,"",NA,"","","",0,0,"",NA,"","",""
"285",21500440,332,4,0,3,"12:13 AM","3:35","",NA,"Clippers Rebound","","",3,1610612746,"",NA,"","","",0,0,"",NA,"","","",0,0,"",NA,"","",""
"286",21500440,333,6,3,3,"12:13 AM","3:35","Nance Jr. L.B.FOUL (P1.T2) (D.Stafford)",NA,"","","",4,1626204,"Larry Nance Jr.",1610612747,"Los Angeles","Lakers","LAL",5,200755,"JJ Redick",1610612746,"LA","Clippers","LAC",1,0,"",NA,"","",""
"287",21500440,334,8,0,3,"12:13 AM","3:35","",NA,"SUB: Stephenson FOR Mbah a Moute","","",5,201601,"Luc Mbah a Moute",1610612746,"LA","Clippers","LAC",5,202362,"Lance Stephenson",1610612746,"LA","Clippers","LAC",0,0,"",NA,"","",""
"288",21500440,335,8,0,3,"12:13 AM","3:35","SUB: Randle FOR Nance Jr.",NA,"","","",4,1626204,"Larry Nance Jr.",1610612747,"Los Angeles","Lakers","LAL",4,203944,"Julius Randle",1610612747,"Los Angeles","Lakers","LAL",0,0,"",NA,"","",""
"289",21500440,336,1,1,3,"12:13 AM","3:22","",NA,"Redick 24' 3PT Jump Shot (14 PTS) (Stephenson 1 AST)","77 - 57","-20",5,200755,"JJ Redick",1610612746,"LA","Clippers","LAC",5,202362,"Lance Stephenson",1610612746,"LA","Clippers","LAC",0,0,"",NA,"","",""
"290",21500440,337,2,1,3,"12:14 AM","2:58","MISS Randle 20' Jump Shot",NA,"","","",4,203944,"Julius Randle",1610612747,"Los Angeles","Lakers","LAL",0,0,"",NA,"","","",0,0,"",NA,"","",""
"291",21500440,338,4,0,3,"12:14 AM","2:57","",NA,"Redick REBOUND (Off:0 Def:2)","","",5,200755,"JJ Redick",1610612746,"LA","Clippers","LAC",0,0,"",NA,"","","",0,0,"",NA,"","",""
"292",21500440,339,1,47,3,"12:14 AM","2:48","",NA,"Paul 14' Turnaround Jump Shot (21 PTS)","79 - 57","-22",5,101108,"Chris Paul",1610612746,"LA","Clippers","LAC",0,0,"",NA,"","","",0,0,"",NA,"","",""
"293",21500440,340,2,1,3,"12:14 AM","2:32","MISS Young 25' 3PT Jump Shot",NA,"","","",4,201156,"Nick Young",1610612747,"Los Angeles","Lakers","LAL",0,0,"",NA,"","","",0,0,"",NA,"","",""
"294",21500440,341,4,0,3,"12:14 AM","2:31","",NA,"Redick REBOUND (Off:0 Def:3)","","",5,200755,"JJ Redick",1610612746,"LA","Clippers","LAC",0,0,"",NA,"","","",0,0,"",NA,"","",""
"295",21500440,342,2,1,3,"12:14 AM","2:27","",NA,"MISS Paul 25' 3PT Jump Shot","","",5,101108,"Chris Paul",1610612746,"LA","Clippers","LAC",0,0,"",NA,"","","",0,0,"",NA,"","",""
"296",21500440,343,4,0,3,"12:14 AM","2:27","LAKERS Rebound",NA,"","","",2,1610612747,"",NA,"","","",0,0,"",NA,"","","",0,0,"",NA,"","",""
"297",21500440,345,6,3,3,"12:15 AM","2:27","",NA,"Jordan L.B.FOUL (P2.T2) (L.Richardson)","","",5,201599,"DeAndre Jordan",1610612746,"LA","Clippers","LAC",4,201579,"Roy Hibbert",1610612747,"Los Angeles","Lakers","LAL",1,0,"",NA,"","",""
"298",21500440,346,2,1,3,"12:15 AM","2:03","MISS Clarkson 19' Jump Shot",NA,"Jordan BLOCK (1 BLK)","","",4,203903,"Jordan Clarkson",1610612747,"Los Angeles","Lakers","LAL",0,0,"",NA,"","","",5,201599,"DeAndre Jordan",1610612746,"LA","Clippers","LAC"
"299",21500440,347,4,0,3,"12:15 AM","2:01","",NA,"Griffin REBOUND (Off:3 Def:6)","","",5,201933,"Blake Griffin",1610612746,"LA","Clippers","LAC",0,0,"",NA,"","","",0,0,"",NA,"","",""
"300",21500440,348,2,52,3,"12:15 AM","1:55","",NA,"MISS Jordan  Alley Oop Dunk","","",5,201599,"DeAndre Jordan",1610612746,"LA","Clippers","LAC",0,0,"",NA,"","","",0,0,"",NA,"","",""
"301",21500440,349,4,0,3,"12:15 AM","1:52","Hibbert REBOUND (Off:0 Def:3)",NA,"","","",4,201579,"Roy Hibbert",1610612747,"Los Angeles","Lakers","LAL",0,0,"",NA,"","","",0,0,"",NA,"","",""
"302",21500440,350,2,1,3,"12:16 AM","1:48","MISS Young 25' 3PT Jump Shot",NA,"","","",4,201156,"Nick Young",1610612747,"Los Angeles","Lakers","LAL",0,0,"",NA,"","","",0,0,"",NA,"","",""
"303",21500440,351,4,0,3,"12:16 AM","1:47","",NA,"Clippers Rebound","","",3,1610612746,"",NA,"","","",0,0,"",NA,"","","",0,0,"",NA,"","",""
"304",21500440,352,8,0,3,"12:16 AM","1:47","",NA,"SUB: Crawford FOR Redick","","",5,200755,"JJ Redick",1610612746,"LA","Clippers","LAC",5,2037,"Jamal Crawford",1610612746,"LA","Clippers","LAC",0,0,"",NA,"","",""
"305",21500440,353,8,0,3,"12:16 AM","1:47","",NA,"SUB: Prigioni FOR Paul","","",5,101108,"Chris Paul",1610612746,"LA","Clippers","LAC",5,203143,"Pablo Prigioni",1610612746,"LA","Clippers","LAC",0,0,"",NA,"","",""
"306",21500440,354,8,0,3,"12:16 AM","1:47","SUB: Bass FOR Hibbert",NA,"","","",4,201579,"Roy Hibbert",1610612747,"Los Angeles","Lakers","LAL",4,101138,"Brandon Bass",1610612747,"Los Angeles","Lakers","LAL",0,0,"",NA,"","",""
"307",21500440,356,2,86,3,"12:16 AM","1:34","",NA,"MISS Griffin 12' Turnaround Fadeaway Shot","","",5,201933,"Blake Griffin",1610612746,"LA","Clippers","LAC",0,0,"",NA,"","","",0,0,"",NA,"","",""
"308",21500440,357,4,0,3,"12:16 AM","1:31","",NA,"Prigioni REBOUND (Off:2 Def:2)","","",5,203143,"Pablo Prigioni",1610612746,"LA","Clippers","LAC",0,0,"",NA,"","","",0,0,"",NA,"","",""
"309",21500440,358,1,1,3,"12:16 AM","1:21","",NA,"Stephenson 24' 3PT Jump Shot (3 PTS) (Prigioni 1 AST)","82 - 57","-25",5,202362,"Lance Stephenson",1610612746,"LA","Clippers","LAC",5,203143,"Pablo Prigioni",1610612746,"LA","Clippers","LAC",0,0,"",NA,"","",""
"310",21500440,359,6,2,3,"12:17 AM","1:02","",NA,"Griffin S.FOUL (P4.T3) (D.Stafford)","","",5,201933,"Blake Griffin",1610612746,"LA","Clippers","LAC",4,203944,"Julius Randle",1610612747,"Los Angeles","Lakers","LAL",1,0,"",NA,"","",""
"311",21500440,360,3,11,3,"12:17 AM","1:02","MISS Randle Free Throw 1 of 2",NA,"","","",4,203944,"Julius Randle",1610612747,"Los Angeles","Lakers","LAL",0,0,"",NA,"","","",0,0,"",NA,"","",""
"312",21500440,361,4,1,3,"12:17 AM","1:02","LAKERS Rebound",NA,"","","",2,1610612747,"",NA,"","","",0,0,"",NA,"","","",0,0,"",NA,"","",""
"313",21500440,362,3,12,3,"12:17 AM","1:02","MISS Randle Free Throw 2 of 2",NA,"","","",4,203944,"Julius Randle",1610612747,"Los Angeles","Lakers","LAL",0,0,"",NA,"","","",0,0,"",NA,"","",""
"314",21500440,364,4,0,3,"12:17 AM","1:01","",NA,"Jordan REBOUND (Off:2 Def:10)","","",5,201599,"DeAndre Jordan",1610612746,"LA","Clippers","LAC",0,0,"",NA,"","","",0,0,"",NA,"","",""
"315",21500440,365,2,1,3,"12:18 AM","0:47","",NA,"MISS Griffin 20' Jump Shot","","",5,201933,"Blake Griffin",1610612746,"LA","Clippers","LAC",0,0,"",NA,"","","",0,0,"",NA,"","",""
"316",21500440,366,4,0,3,"12:18 AM","0:46","",NA,"Jordan REBOUND (Off:3 Def:10)","","",5,201599,"DeAndre Jordan",1610612746,"LA","Clippers","LAC",0,0,"",NA,"","","",0,0,"",NA,"","",""
"317",21500440,367,1,1,3,"12:18 AM","0:44","",NA,"Crawford 25' 3PT Jump Shot (13 PTS) (Jordan 1 AST)","85 - 57","-28",5,2037,"Jamal Crawford",1610612746,"LA","Clippers","LAC",5,201599,"DeAndre Jordan",1610612746,"LA","Clippers","LAC",0,0,"",NA,"","",""
"318",21500440,368,2,1,3,"12:18 AM","0:32","MISS Russell 5' Jump Shot",NA,"Griffin BLOCK (1 BLK)","","",4,1626156,"D'Angelo Russell",1610612747,"Los Angeles","Lakers","LAL",0,0,"",NA,"","","",5,201933,"Blake Griffin",1610612746,"LA","Clippers","LAC"
"319",21500440,369,4,0,3,"12:18 AM","0:30","Russell REBOUND (Off:1 Def:2)",NA,"","","",4,1626156,"D'Angelo Russell",1610612747,"Los Angeles","Lakers","LAL",0,0,"",NA,"","","",0,0,"",NA,"","",""
"320",21500440,370,5,45,3,"12:18 AM","0:30","Russell Out of Bounds - Bad Pass Turnover Turnover (P3.T13)",NA,"","","",4,1626156,"D'Angelo Russell",1610612747,"Los Angeles","Lakers","LAL",0,0,"",NA,"","","",0,0,"",NA,"","",""
"321",21500440,371,8,0,3,"12:18 AM","0:30","",NA,"SUB: Pierce FOR Griffin","","",5,201933,"Blake Griffin",1610612746,"LA","Clippers","LAC",5,1718,"Paul Pierce",1610612746,"LA","Clippers","LAC",0,0,"",NA,"","",""
"322",21500440,372,2,1,3,"12:19 AM","0:12","",NA,"MISS Pierce 26' 3PT Jump Shot","","",5,1718,"Paul Pierce",1610612746,"LA","Clippers","LAC",0,0,"",NA,"","","",0,0,"",NA,"","",""
"323",21500440,373,4,0,3,"12:19 AM","0:11","Russell REBOUND (Off:1 Def:3)",NA,"","","",4,1626156,"D'Angelo Russell",1610612747,"Los Angeles","Lakers","LAL",0,0,"",NA,"","","",0,0,"",NA,"","",""
"324",21500440,374,6,1,3,"12:19 AM","0:05","",NA,"Prigioni P.FOUL (P2.PN) (K.Cutler)","","",5,203143,"Pablo Prigioni",1610612746,"LA","Clippers","LAC",4,1626156,"D'Angelo Russell",1610612747,"Los Angeles","Lakers","LAL",1,0,"",NA,"","",""
"325",21500440,375,3,11,3,"12:19 AM","0:05","MISS Russell Free Throw 1 of 2",NA,"","","",4,1626156,"D'Angelo Russell",1610612747,"Los Angeles","Lakers","LAL",0,0,"",NA,"","","",0,0,"",NA,"","",""
"326",21500440,376,4,1,3,"12:19 AM","0:05","LAKERS Rebound",NA,"","","",2,1610612747,"",NA,"","","",0,0,"",NA,"","","",0,0,"",NA,"","",""
"327",21500440,377,3,12,3,"12:19 AM","0:05","MISS Russell Free Throw 2 of 2",NA,"","","",4,1626156,"D'Angelo Russell",1610612747,"Los Angeles","Lakers","LAL",0,0,"",NA,"","","",0,0,"",NA,"","",""
"328",21500440,379,4,0,3,"12:20 AM","0:04","",NA,"Pierce REBOUND (Off:0 Def:1)","","",5,1718,"Paul Pierce",1610612746,"LA","Clippers","LAC",0,0,"",NA,"","","",0,0,"",NA,"","",""
"329",21500440,380,13,0,3,"12:20 AM","0:00","",NA,"","85 - 57","-28",0,0,"",NA,"","","",0,0,"",NA,"","","",0,0,"",NA,"","",""
"330",21500440,382,12,0,4,"12:23 AM","12:00","",NA,"","85 - 57","-28",0,0,"",NA,"","","",0,0,"",NA,"","","",0,0,"",NA,"","",""
"331",21500440,383,5,2,4,"12:24 AM","11:42","Randle Lost Ball Turnover (P2.T14)",NA,"Aldrich STEAL (1 STL)","","",4,203944,"Julius Randle",1610612747,"Los Angeles","Lakers","LAL",5,202332,"Cole Aldrich",1610612746,"LA","Clippers","LAC",0,0,"",NA,"","",""
"332",21500440,384,6,4,4,"12:24 AM","11:25","",NA,"Aldrich OFF.Foul (P2) (K.Cutler)","","",5,202332,"Cole Aldrich",1610612746,"LA","Clippers","LAC",4,101138,"Brandon Bass",1610612747,"Los Angeles","Lakers","LAL",1,0,"",NA,"","",""
"333",21500440,385,5,5,4,"12:24 AM","11:25","",NA,"Aldrich Foul Turnover (P1.T10)","","",5,202332,"Cole Aldrich",1610612746,"LA","Clippers","LAC",0,0,"",NA,"","","",1,0,"",NA,"","",""
"334",21500440,386,1,7,4,"12:24 AM","11:10","Bass  Dunk (3 PTS) (Huertas 1 AST)",NA,"","85 - 59","-26",4,101138,"Brandon Bass",1610612747,"Los Angeles","Lakers","LAL",4,1626273,"Marcelo Huertas",1610612747,"Los Angeles","Lakers","LAL",0,0,"",NA,"","",""
"335",21500440,387,2,42,4,"12:25 AM","10:56","",NA,"MISS Stephenson  Driving Layup","","",5,202362,"Lance Stephenson",1610612746,"LA","Clippers","LAC",0,0,"",NA,"","","",0,0,"",NA,"","",""
"336",21500440,388,4,0,4,"12:25 AM","10:54","Bass REBOUND (Off:0 Def:2)",NA,"","","",4,101138,"Brandon Bass",1610612747,"Los Angeles","Lakers","LAL",0,0,"",NA,"","","",0,0,"",NA,"","",""
"337",21500440,389,6,2,4,"12:25 AM","10:47","",NA,"Aldrich S.FOUL (P3.T1) (L.Richardson)","","",5,202332,"Cole Aldrich",1610612746,"LA","Clippers","LAC",4,203944,"Julius Randle",1610612747,"Los Angeles","Lakers","LAL",1,0,"",NA,"","",""
"338",21500440,390,3,11,4,"12:25 AM","10:47","Randle Free Throw 1 of 2 (1 PTS)",NA,"","85 - 60","-25",4,203944,"Julius Randle",1610612747,"Los Angeles","Lakers","LAL",0,0,"",NA,"","","",0,0,"",NA,"","",""
"339",21500440,392,3,12,4,"12:25 AM","10:47","Randle Free Throw 2 of 2 (2 PTS)",NA,"","85 - 61","-24",4,203944,"Julius Randle",1610612747,"Los Angeles","Lakers","LAL",0,0,"",NA,"","","",0,0,"",NA,"","",""
"340",21500440,395,2,40,4,"12:26 AM","10:31","Bass BLOCK (1 BLK)",NA,"MISS Pierce 2' Layup","","",5,1718,"Paul Pierce",1610612746,"LA","Clippers","LAC",0,0,"",NA,"","","",4,101138,"Brandon Bass",1610612747,"Los Angeles","Lakers","LAL"
"341",21500440,396,4,0,4,"12:26 AM","10:29","Huertas REBOUND (Off:0 Def:1)",NA,"","","",4,1626273,"Marcelo Huertas",1610612747,"Los Angeles","Lakers","LAL",0,0,"",NA,"","","",0,0,"",NA,"","",""
"342",21500440,397,1,41,4,"12:26 AM","10:25","Russell  Running Layup (14 PTS) (Huertas 2 AST)",NA,"","85 - 63","-22",4,1626156,"D'Angelo Russell",1610612747,"Los Angeles","Lakers","LAL",4,1626273,"Marcelo Huertas",1610612747,"Los Angeles","Lakers","LAL",0,0,"",NA,"","",""
"343",21500440,399,5,2,4,"12:26 AM","10:04","Randle STEAL (2 STL)",NA,"Pierce Lost Ball Turnover (P1.T11)","","",5,1718,"Paul Pierce",1610612746,"LA","Clippers","LAC",4,203944,"Julius Randle",1610612747,"Los Angeles","Lakers","LAL",0,0,"",NA,"","",""
"344",21500440,400,2,5,4,"12:26 AM","9:59","MISS Randle 2' Layup",NA,"","","",4,203944,"Julius Randle",1610612747,"Los Angeles","Lakers","LAL",0,0,"",NA,"","","",0,0,"",NA,"","",""
"345",21500440,401,4,0,4,"12:26 AM","9:58","Randle REBOUND (Off:1 Def:3)",NA,"","","",4,203944,"Julius Randle",1610612747,"Los Angeles","Lakers","LAL",0,0,"",NA,"","","",0,0,"",NA,"","",""
"346",21500440,402,1,3,4,"12:26 AM","9:58","Randle 4' Hook Shot (4 PTS)",NA,"","85 - 65","-20",4,203944,"Julius Randle",1610612747,"Los Angeles","Lakers","LAL",0,0,"",NA,"","","",0,0,"",NA,"","",""
"347",21500440,403,9,1,4,"12:27 AM","9:54","",NA,"Clippers Timeout: Regular (Reg.4 Short 0)","","",3,1610612746,"",NA,"","","",0,0,"",NA,"","","",0,0,"",NA,"","",""
"348",21500440,405,2,5,4,"12:30 AM","9:41","Russell BLOCK (1 BLK)",NA,"MISS Crawford 3' Layup","","",5,2037,"Jamal Crawford",1610612746,"LA","Clippers","LAC",0,0,"",NA,"","","",4,1626156,"D'Angelo Russell",1610612747,"Los Angeles","Lakers","LAL"
"349",21500440,406,4,0,4,"12:30 AM","9:41","",NA,"Clippers Rebound","","",3,1610612746,"",NA,"","","",0,0,"",NA,"","","",0,0,"",NA,"","",""
"350",21500440,407,1,1,4,"12:30 AM","9:34","",NA,"Pierce 17' Jump Shot (2 PTS) (Prigioni 2 AST)","87 - 65","-22",5,1718,"Paul Pierce",1610612746,"LA","Clippers","LAC",5,203143,"Pablo Prigioni",1610612746,"LA","Clippers","LAC",0,0,"",NA,"","",""
"351",21500440,408,6,1,4,"12:30 AM","9:22","",NA,"Stephenson P.FOUL (P1.T2) (L.Richardson)","","",5,202362,"Lance Stephenson",1610612746,"LA","Clippers","LAC",4,201156,"Nick Young",1610612747,"Los Angeles","Lakers","LAL",1,0,"",NA,"","",""
"352",21500440,409,1,3,4,"12:31 AM","9:14","Randle 3' Hook Shot (6 PTS) (Bass 1 AST)",NA,"","87 - 67","-20",4,203944,"Julius Randle",1610612747,"Los Angeles","Lakers","LAL",4,101138,"Brandon Bass",1610612747,"Los Angeles","Lakers","LAL",0,0,"",NA,"","",""
"353",21500440,410,5,1,4,"12:31 AM","9:01","Bass STEAL (1 STL)",NA,"Pierce Bad Pass Turnover (P2.T12)","","",5,1718,"Paul Pierce",1610612746,"LA","Clippers","LAC",4,101138,"Brandon Bass",1610612747,"Los Angeles","Lakers","LAL",0,0,"",NA,"","",""
"354",21500440,411,2,1,4,"12:31 AM","8:47","MISS Huertas 16' Jump Shot",NA,"","","",4,1626273,"Marcelo Huertas",1610612747,"Los Angeles","Lakers","LAL",0,0,"",NA,"","","",0,0,"",NA,"","",""
"355",21500440,412,4,0,4,"12:31 AM","8:46","",NA,"Stephenson REBOUND (Off:0 Def:1)","","",5,202362,"Lance Stephenson",1610612746,"LA","Clippers","LAC",0,0,"",NA,"","","",0,0,"",NA,"","",""
"356",21500440,413,5,1,4,"12:31 AM","8:33","Huertas STEAL (1 STL)",NA,"Prigioni Bad Pass Turnover (P1.T13)","","",5,203143,"Pablo Prigioni",1610612746,"LA","Clippers","LAC",4,1626273,"Marcelo Huertas",1610612747,"Los Angeles","Lakers","LAL",0,0,"",NA,"","",""
"357",21500440,414,1,78,4,"12:31 AM","8:28","Huertas 7' Floating Jump Shot (2 PTS)",NA,"","87 - 69","-18",4,1626273,"Marcelo Huertas",1610612747,"Los Angeles","Lakers","LAL",0,0,"",NA,"","","",0,0,"",NA,"","",""
"358",21500440,415,2,1,4,"12:32 AM","8:05","",NA,"MISS Stephenson 16' Jump Shot","","",5,202362,"Lance Stephenson",1610612746,"LA","Clippers","LAC",0,0,"",NA,"","","",0,0,"",NA,"","",""
"359",21500440,416,4,0,4,"12:32 AM","8:04","Randle REBOUND (Off:1 Def:4)",NA,"","","",4,203944,"Julius Randle",1610612747,"Los Angeles","Lakers","LAL",0,0,"",NA,"","","",0,0,"",NA,"","",""
"360",21500440,417,2,1,4,"12:32 AM","7:56","MISS Young 25' 3PT Jump Shot",NA,"","","",4,201156,"Nick Young",1610612747,"Los Angeles","Lakers","LAL",0,0,"",NA,"","","",0,0,"",NA,"","",""
"361",21500440,418,4,0,4,"12:32 AM","7:55","Randle REBOUND (Off:2 Def:4)",NA,"","","",4,203944,"Julius Randle",1610612747,"Los Angeles","Lakers","LAL",0,0,"",NA,"","","",0,0,"",NA,"","",""
"362",21500440,419,1,1,4,"12:32 AM","7:51","Randle 26' 3PT Jump Shot (9 PTS)",NA,"","87 - 72","-15",4,203944,"Julius Randle",1610612747,"Los Angeles","Lakers","LAL",0,0,"",NA,"","","",0,0,"",NA,"","",""
"363",21500440,420,2,1,4,"12:32 AM","7:35","",NA,"MISS Crawford 17' Jump Shot","","",5,2037,"Jamal Crawford",1610612746,"LA","Clippers","LAC",0,0,"",NA,"","","",0,0,"",NA,"","",""
"364",21500440,421,4,0,4,"12:32 AM","7:34","Young REBOUND (Off:0 Def:3)",NA,"","","",4,201156,"Nick Young",1610612747,"Los Angeles","Lakers","LAL",0,0,"",NA,"","","",0,0,"",NA,"","",""
"365",21500440,422,1,1,4,"12:33 AM","7:11","Russell 14' Jump Shot (16 PTS)",NA,"","87 - 74","-13",4,1626156,"D'Angelo Russell",1610612747,"Los Angeles","Lakers","LAL",0,0,"",NA,"","","",0,0,"",NA,"","",""
"366",21500440,423,9,1,4,"12:33 AM","7:11","",NA,"Clippers Timeout: Regular (Reg.5 Short 0)","","",3,1610612746,"",NA,"","","",0,0,"",NA,"","","",0,0,"",NA,"","",""
"367",21500440,425,18,0,4,"12:33 AM","7:11","",NA,"","","",NA,419,"",NA,"","","",0,0,"",NA,"","","",1,0,"",NA,"","",""
"368",21500440,427,8,0,4,"12:35 AM","7:11","",NA,"SUB: Griffin FOR Aldrich","","",5,202332,"Cole Aldrich",1610612746,"LA","Clippers","LAC",5,201933,"Blake Griffin",1610612746,"LA","Clippers","LAC",0,0,"",NA,"","",""
"369",21500440,428,8,0,4,"12:35 AM","7:11","",NA,"SUB: W. Johnson FOR Prigioni","","",5,203143,"Pablo Prigioni",1610612746,"LA","Clippers","LAC",5,202325,"Wesley Johnson",1610612746,"LA","Clippers","LAC",0,0,"",NA,"","",""
"370",21500440,429,8,0,4,"12:35 AM","7:11","",NA,"SUB: Jordan FOR Stephenson","","",5,202362,"Lance Stephenson",1610612746,"LA","Clippers","LAC",5,201599,"DeAndre Jordan",1610612746,"LA","Clippers","LAC",0,0,"",NA,"","",""
"371",21500440,430,8,0,4,"12:35 AM","7:11","",NA,"SUB: Paul FOR Pierce","","",5,1718,"Paul Pierce",1610612746,"LA","Clippers","LAC",5,101108,"Chris Paul",1610612746,"LA","Clippers","LAC",0,0,"",NA,"","",""
"372",21500440,431,2,79,4,"12:36 AM","7:00","",NA,"MISS Crawford 19' Pullup Jump Shot","","",5,2037,"Jamal Crawford",1610612746,"LA","Clippers","LAC",0,0,"",NA,"","","",0,0,"",NA,"","",""
"373",21500440,432,4,0,4,"12:36 AM","6:58","Russell REBOUND (Off:1 Def:4)",NA,"","","",4,1626156,"D'Angelo Russell",1610612747,"Los Angeles","Lakers","LAL",0,0,"",NA,"","","",0,0,"",NA,"","",""
"374",21500440,433,1,1,4,"12:36 AM","6:39","Huertas 17' Jump Shot (4 PTS)",NA,"","87 - 76","-11",4,1626273,"Marcelo Huertas",1610612747,"Los Angeles","Lakers","LAL",0,0,"",NA,"","","",0,0,"",NA,"","",""
"375",21500440,434,1,1,4,"12:36 AM","6:16","",NA,"W. Johnson 21' Jump Shot (5 PTS) (Griffin 6 AST)","89 - 76","-13",5,202325,"Wesley Johnson",1610612746,"LA","Clippers","LAC",5,201933,"Blake Griffin",1610612746,"LA","Clippers","LAC",0,0,"",NA,"","",""
"376",21500440,435,2,1,4,"12:37 AM","5:56","MISS Randle 7' Jump Shot",NA,"W. Johnson BLOCK (1 BLK)","","",4,203944,"Julius Randle",1610612747,"Los Angeles","Lakers","LAL",0,0,"",NA,"","","",5,202325,"Wesley Johnson",1610612746,"LA","Clippers","LAC"
"377",21500440,436,4,0,4,"12:37 AM","5:55","",NA,"Griffin REBOUND (Off:3 Def:7)","","",5,201933,"Blake Griffin",1610612746,"LA","Clippers","LAC",0,0,"",NA,"","","",0,0,"",NA,"","",""
"378",21500440,437,2,1,4,"12:37 AM","5:49","",NA,"MISS W. Johnson 24' 3PT Jump Shot","","",5,202325,"Wesley Johnson",1610612746,"LA","Clippers","LAC",0,0,"",NA,"","","",0,0,"",NA,"","",""
"379",21500440,438,4,0,4,"12:37 AM","5:47","Russell REBOUND (Off:1 Def:5)",NA,"","","",4,1626156,"D'Angelo Russell",1610612747,"Los Angeles","Lakers","LAL",0,0,"",NA,"","","",0,0,"",NA,"","",""
"380",21500440,439,1,44,4,"12:37 AM","5:33","Huertas 2' Reverse Layup (6 PTS) (Russell 1 AST)",NA,"","89 - 78","-11",4,1626273,"Marcelo Huertas",1610612747,"Los Angeles","Lakers","LAL",4,1626156,"D'Angelo Russell",1610612747,"Los Angeles","Lakers","LAL",0,0,"",NA,"","",""
"381",21500440,440,2,78,4,"12:37 AM","5:17","",NA,"MISS Paul 7' Floating Jump Shot","","",5,101108,"Chris Paul",1610612746,"LA","Clippers","LAC",0,0,"",NA,"","","",0,0,"",NA,"","",""
"382",21500440,441,4,0,4,"12:38 AM","5:15","Young REBOUND (Off:0 Def:4)",NA,"","","",4,201156,"Nick Young",1610612747,"Los Angeles","Lakers","LAL",0,0,"",NA,"","","",0,0,"",NA,"","",""
"383",21500440,442,1,1,4,"12:38 AM","4:57","Bass 10' Jump Shot (5 PTS)",NA,"","89 - 80","-9",4,101138,"Brandon Bass",1610612747,"Los Angeles","Lakers","LAL",0,0,"",NA,"","","",0,0,"",NA,"","",""
"384",21500440,443,6,1,4,"12:38 AM","4:45","Huertas P.FOUL (P1.T1) (D.Stafford)",NA,"","","",4,1626273,"Marcelo Huertas",1610612747,"Los Angeles","Lakers","LAL",5,2037,"Jamal Crawford",1610612746,"LA","Clippers","LAC",1,0,"",NA,"","",""
"385",21500440,444,8,0,4,"12:38 AM","4:45","",NA,"SUB: Redick FOR Crawford","","",5,2037,"Jamal Crawford",1610612746,"LA","Clippers","LAC",5,200755,"JJ Redick",1610612746,"LA","Clippers","LAC",0,0,"",NA,"","",""
"386",21500440,445,2,1,4,"12:39 AM","4:33","",NA,"MISS Griffin 20' Jump Shot","","",5,201933,"Blake Griffin",1610612746,"LA","Clippers","LAC",0,0,"",NA,"","","",0,0,"",NA,"","",""
"387",21500440,446,4,0,4,"12:39 AM","4:32","Young REBOUND (Off:0 Def:5)",NA,"","","",4,201156,"Nick Young",1610612747,"Los Angeles","Lakers","LAL",0,0,"",NA,"","","",0,0,"",NA,"","",""
"388",21500440,447,2,1,4,"12:39 AM","4:24","MISS Bass 16' Jump Shot",NA,"","","",4,101138,"Brandon Bass",1610612747,"Los Angeles","Lakers","LAL",0,0,"",NA,"","","",0,0,"",NA,"","",""
"389",21500440,448,4,0,4,"12:39 AM","4:24","",NA,"Clippers Rebound","","",3,1610612746,"",NA,"","","",0,0,"",NA,"","","",0,0,"",NA,"","",""
"390",21500440,449,6,3,4,"12:39 AM","4:24","Huertas L.B.FOUL (P2.T2) (D.Stafford)",NA,"","","",4,1626273,"Marcelo Huertas",1610612747,"Los Angeles","Lakers","LAL",5,200755,"JJ Redick",1610612746,"LA","Clippers","LAC",1,0,"",NA,"","",""
"391",21500440,451,5,1,4,"12:39 AM","4:09","Russell STEAL (2 STL)",NA,"Griffin Bad Pass Turnover (P5.T14)","","",5,201933,"Blake Griffin",1610612746,"LA","Clippers","LAC",4,1626156,"D'Angelo Russell",1610612747,"Los Angeles","Lakers","LAL",0,0,"",NA,"","",""
"392",21500440,452,6,2,4,"12:40 AM","4:01","",NA,"Jordan S.FOUL (P3.T3) (D.Stafford)","","",5,201599,"DeAndre Jordan",1610612746,"LA","Clippers","LAC",4,203944,"Julius Randle",1610612747,"Los Angeles","Lakers","LAL",1,0,"",NA,"","",""
"393",21500440,453,3,11,4,"12:40 AM","4:01","Randle Free Throw 1 of 2 (10 PTS)",NA,"","89 - 81","-8",4,203944,"Julius Randle",1610612747,"Los Angeles","Lakers","LAL",0,0,"",NA,"","","",0,0,"",NA,"","",""
"394",21500440,455,3,12,4,"12:40 AM","4:01","Randle Free Throw 2 of 2 (11 PTS)",NA,"","89 - 82","-7",4,203944,"Julius Randle",1610612747,"Los Angeles","Lakers","LAL",0,0,"",NA,"","","",0,0,"",NA,"","",""
"395",21500440,458,1,1,4,"12:41 AM","3:35","",NA,"W. Johnson 25' 3PT Jump Shot (8 PTS) (Griffin 7 AST)","92 - 82","-10",5,202325,"Wesley Johnson",1610612746,"LA","Clippers","LAC",5,201933,"Blake Griffin",1610612746,"LA","Clippers","LAC",0,0,"",NA,"","",""
"396",21500440,459,5,2,4,"12:41 AM","3:18","Russell Lost Ball Turnover (P4.T15)",NA,"Paul STEAL (3 STL)","","",4,1626156,"D'Angelo Russell",1610612747,"Los Angeles","Lakers","LAL",5,101108,"Chris Paul",1610612746,"LA","Clippers","LAC",0,0,"",NA,"","",""
"397",21500440,460,5,7,4,"12:41 AM","3:15","",NA,"Griffin Discontinue Dribble Turnover (P6.T15)","","",5,201933,"Blake Griffin",1610612746,"LA","Clippers","LAC",0,0,"",NA,"","","",1,0,"",NA,"","",""
"398",21500440,462,7,1,4,"12:41 AM","3:15","",NA,"Clippers Violation: Delay of game Violation","","",3,1610612746,"",NA,"","","",0,0,"",NA,"","","",1,0,"",NA,"","",""
"399",21500440,463,9,1,4,"12:42 AM","3:15","LAKERS Timeout: Regular (Full 4 Short 0)",NA,"","","",2,1610612747,"",NA,"","","",0,0,"",NA,"","","",0,0,"",NA,"","",""
"400",21500440,465,2,1,4,"12:45 AM","3:04","MISS Randle 26' 3PT Jump Shot",NA,"","","",4,203944,"Julius Randle",1610612747,"Los Angeles","Lakers","LAL",0,0,"",NA,"","","",0,0,"",NA,"","",""
"401",21500440,466,4,0,4,"12:45 AM","3:03","",NA,"Paul REBOUND (Off:0 Def:5)","","",5,101108,"Chris Paul",1610612746,"LA","Clippers","LAC",0,0,"",NA,"","","",0,0,"",NA,"","",""
"402",21500440,467,5,1,4,"12:45 AM","2:51","Randle STEAL (3 STL)",NA,"W. Johnson Bad Pass Turnover (P1.T16)","","",5,202325,"Wesley Johnson",1610612746,"LA","Clippers","LAC",4,203944,"Julius Randle",1610612747,"Los Angeles","Lakers","LAL",0,0,"",NA,"","",""
"403",21500440,468,1,44,4,"12:45 AM","2:43","Bass 2' Reverse Layup (7 PTS) (Randle 2 AST)",NA,"","92 - 84","-8",4,101138,"Brandon Bass",1610612747,"Los Angeles","Lakers","LAL",4,203944,"Julius Randle",1610612747,"Los Angeles","Lakers","LAL",0,0,"",NA,"","",""
"404",21500440,469,2,5,4,"12:45 AM","2:25","",NA,"MISS Paul 2' Layup","","",5,101108,"Chris Paul",1610612746,"LA","Clippers","LAC",0,0,"",NA,"","","",0,0,"",NA,"","",""
"405",21500440,470,4,0,4,"12:46 AM","2:24","Randle REBOUND (Off:2 Def:5)",NA,"","","",4,203944,"Julius Randle",1610612747,"Los Angeles","Lakers","LAL",0,0,"",NA,"","","",0,0,"",NA,"","",""
"406",21500440,471,2,1,4,"12:46 AM","2:09","MISS Bass 16' Jump Shot",NA,"","","",4,101138,"Brandon Bass",1610612747,"Los Angeles","Lakers","LAL",0,0,"",NA,"","","",0,0,"",NA,"","",""
"407",21500440,472,4,0,4,"12:46 AM","2:09","",NA,"Griffin REBOUND (Off:3 Def:8)","","",5,201933,"Blake Griffin",1610612746,"LA","Clippers","LAC",0,0,"",NA,"","","",0,0,"",NA,"","",""
"408",21500440,473,2,1,4,"12:46 AM","2:01","",NA,"MISS Redick 24' 3PT Jump Shot","","",5,200755,"JJ Redick",1610612746,"LA","Clippers","LAC",0,0,"",NA,"","","",0,0,"",NA,"","",""
"409",21500440,474,4,0,4,"12:46 AM","2:01","Bass REBOUND (Off:0 Def:3)",NA,"","","",4,101138,"Brandon Bass",1610612747,"Los Angeles","Lakers","LAL",0,0,"",NA,"","","",0,0,"",NA,"","",""
"410",21500440,475,2,5,4,"12:46 AM","1:49","MISS Randle 2' Layup",NA,"","","",4,203944,"Julius Randle",1610612747,"Los Angeles","Lakers","LAL",0,0,"",NA,"","","",0,0,"",NA,"","",""
"411",21500440,476,4,0,4,"12:46 AM","1:46","Russell REBOUND (Off:2 Def:5)",NA,"","","",4,1626156,"D'Angelo Russell",1610612747,"Los Angeles","Lakers","LAL",0,0,"",NA,"","","",0,0,"",NA,"","",""
"412",21500440,477,2,5,4,"12:46 AM","1:44","MISS Russell 1' Layup",NA,"","","",4,1626156,"D'Angelo Russell",1610612747,"Los Angeles","Lakers","LAL",0,0,"",NA,"","","",0,0,"",NA,"","",""
"413",21500440,478,4,0,4,"12:46 AM","1:43","",NA,"Jordan REBOUND (Off:3 Def:11)","","",5,201599,"DeAndre Jordan",1610612746,"LA","Clippers","LAC",0,0,"",NA,"","","",0,0,"",NA,"","",""
"414",21500440,479,6,28,4,"12:46 AM","1:43","Russell Personal Take Foul (P2.T3) (L.Richardson)",NA,"","","",4,1626156,"D'Angelo Russell",1610612747,"Los Angeles","Lakers","LAL",5,201599,"DeAndre Jordan",1610612746,"LA","Clippers","LAC",1,0,"",NA,"","",""
"415",21500440,480,1,79,4,"12:47 AM","1:31","",NA,"Paul 16' Pullup Jump Shot (23 PTS)","94 - 84","-10",5,101108,"Chris Paul",1610612746,"LA","Clippers","LAC",0,0,"",NA,"","","",0,0,"",NA,"","",""
"416",21500440,481,2,1,4,"12:47 AM","1:08","MISS Russell 25' 3PT Jump Shot",NA,"","","",4,1626156,"D'Angelo Russell",1610612747,"Los Angeles","Lakers","LAL",0,0,"",NA,"","","",0,0,"",NA,"","",""
"417",21500440,482,4,0,4,"12:47 AM","1:08","",NA,"Griffin REBOUND (Off:3 Def:9)","","",5,201933,"Blake Griffin",1610612746,"LA","Clippers","LAC",0,0,"",NA,"","","",0,0,"",NA,"","",""
"418",21500440,483,2,86,4,"12:48 AM","0:45","",NA,"MISS Paul 13' Turnaround Fadeaway Shot","","",5,101108,"Chris Paul",1610612746,"LA","Clippers","LAC",0,0,"",NA,"","","",0,0,"",NA,"","",""
"419",21500440,484,4,0,4,"12:48 AM","0:43","Randle REBOUND (Off:2 Def:6)",NA,"","","",4,203944,"Julius Randle",1610612747,"Los Angeles","Lakers","LAL",0,0,"",NA,"","","",0,0,"",NA,"","",""
"420",21500440,485,6,1,4,"12:48 AM","0:41","",NA,"Paul P.FOUL (P2.T4) (L.Richardson)","","",5,101108,"Chris Paul",1610612746,"LA","Clippers","LAC",4,203944,"Julius Randle",1610612747,"Los Angeles","Lakers","LAL",1,0,"",NA,"","",""
"421",21500440,486,5,1,4,"12:48 AM","0:37","Randle Bad Pass Turnover (P3.T16)",NA,"Redick STEAL (1 STL)","","",4,203944,"Julius Randle",1610612747,"Los Angeles","Lakers","LAL",5,200755,"JJ Redick",1610612746,"LA","Clippers","LAC",0,0,"",NA,"","",""
"422",21500440,487,2,1,4,"12:49 AM","0:14","",NA,"MISS Griffin 26' 3PT Jump Shot","","",5,201933,"Blake Griffin",1610612746,"LA","Clippers","LAC",0,0,"",NA,"","","",0,0,"",NA,"","",""
"423",21500440,488,4,0,4,"12:49 AM","0:14","Huertas REBOUND (Off:0 Def:2)",NA,"","","",4,1626273,"Marcelo Huertas",1610612747,"Los Angeles","Lakers","LAL",0,0,"",NA,"","","",0,0,"",NA,"","",""
"424",21500440,489,2,1,4,"12:49 AM","0:03","MISS Russell  3PT Jump Shot",NA,"","","",4,1626156,"D'Angelo Russell",1610612747,"Los Angeles","Lakers","LAL",0,0,"",NA,"","","",0,0,"",NA,"","",""
"425",21500440,490,4,0,4,"12:49 AM","0:01","",NA,"W. Johnson REBOUND (Off:0 Def:1)","","",5,202325,"Wesley Johnson",1610612746,"LA","Clippers","LAC",0,0,"",NA,"","","",0,0,"",NA,"","",""
"426",21500440,491,13,0,4,"12:49 AM","0:00","",NA,"","94 - 84","-10",0,0,"",NA,"","","",0,0,"",NA,"","","",0,0,"",NA,"","",""
